DATE,MEAN_TEMP,MEDIAN_TEMP,VAR_TEMP,TOTAL_PRCP,MEAN_PRCP,MEDIAN_PRCP,VAR_PRCP,MIN_PRCP,MAX_PRCP,MIN,MAX
1950-01-31,37.728782001551586,38.9,422.4539401844502,119.92,0.0066452399423695,0.0,0.004800083282134198,0.0,2.68,-50.1,93.4
1950-02-28,39.59482811073928,39.8,269.7123500297808,79.53,0.004839062975357469,0.0,0.002962118128366167,0.0,1.65,-38.9,92.3
1950-03-31,42.962140327578574,42.7,238.03670169952434,111.07,0.006145971668880035,0.0,0.004163901661597996,0.0,2.09,-29.0,105.1
1950-04-30,51.90876669915716,51.6,169.31450742957102,88.57000000000001,0.005078263861017144,0.0,0.003135052647352624,0.0,2.44,-13.0,105.1
1950-05-31,62.57068676716918,62.7,130.0671321990487,100.64,0.005619207146845338,0.0,0.004967171980163125,0.0,4.53,12.0,108.0
1950-06-30,70.53922811059908,71.1,99.26752725713992,90.5,0.005213133640552995,0.0,0.004432041673225995,0.0,3.03,21.0,120.0
1950-07-31,73.05122656728041,73.5,56.90438448232064,167.29,0.009305779607275964,0.0,0.01111175657151191,0.0,3.82,32.0,118.0
1950-08-31,72.25229062673323,72.4,65.44451164219429,111.06,0.006159733777038269,0.0,0.006806739140646832,0.0,4.09,30.0,118.9
1950-09-30,66.022588978186,66.0,100.67175275487031,129.65,0.007442594718714122,0.0,0.01546753358945522,0.0,9.76,18.0,120.0
1950-10-31,60.314686764541065,61.0,106.913291151528,86.74,0.004860472935111509,0.0,0.005643093447890663,0.0,5.75,10.0,109.0
1950-11-30,45.291141732283464,45.3,214.9825942148717,92.83,0.005374594719777675,0.0,0.004152578100408945,0.0,2.91,-23.1,100.0
1950-12-31,37.182145057406885,37.0,220.73296672142436,104.85,0.005872304676561187,0.0,0.004186949078899006,0.0,2.6,-36.0,93.0
1951-01-31,36.020335547798666,37.0,276.44014834750914,84.23,0.004742146154712307,0.0,0.0024033708141089185,0.0,1.14,-52.1,90.0
1951-02-28,38.65452907554672,38.9,278.870611359455,97.62,0.00606486083499006,0.0,0.0051048367993344465,0.0,2.99,-43.1,92.3
1951-03-31,43.867226330127316,43.2,239.68313521192104,101.19,0.005625729693667649,0.0,0.0030956428562380575,0.0,1.89,-31.0,93.4
1951-04-30,53.50830378588585,53.0,136.91748208694864,103.89,0.005941324488161958,0.0,0.004153208796049479,0.0,2.99,0.0,104.4
1951-05-31,63.68340812082741,63.7,102.54860665146614,99.15,0.005425741490642443,0.0,0.005098371243430359,0.0,3.7,5.0,114.1
1951-06-30,69.79805106767597,69.9,102.30225991536261,131.9,0.007451135464919219,0.0,0.006011321124918185,0.0,2.05,19.0,111.9
1951-07-31,75.50718361136771,76.2,70.16624118718595,127.66,0.006936912459925012,0.0,0.00668036266467589,0.0,2.76,34.0,115.0
1951-08-31,74.09339223764093,74.4,88.2772572512463,109.89,0.005956743278404163,0.0,0.005247938064787548,0.0,2.87,30.0,114.1
1951-09-30,67.37283597170764,67.4,112.50145990718592,126.66,0.00711013809363422,0.0,0.008366958396062413,0.0,3.82,19.9,113.0
1951-10-31,58.339806350408395,58.7,151.96891682931667,111.47,0.006029642451452372,0.0,0.005038806434920322,0.0,2.64,5.0,107.1
1951-11-30,43.24342742608986,42.4,197.37451484452507,122.57000000000001,0.0068242302767106515,0.0,0.005982731297048086,0.0,3.03,-17.0,95.4
1951-12-31,37.89962446351932,38.6,329.90856040405765,104.96,0.005630901287553647,0.0,0.003021062320986022,0.0,2.17,-35.0,96.1
1952-01-31,38.36891337911942,37.9,313.8021274902604,101.08,0.005381461960283235,0.0,0.003348591301514988,0.0,2.13,-36.9,88.3
1952-02-29,40.596354730307,40.0,198.45807169644397,89.03,0.005070911886996639,0.0,0.0034749622188824667,0.0,2.28,-25.1,93.4
1952-03-31,43.38536144898284,43.0,210.79053572799978,131.39,0.006978807032453391,0.0,0.004777528659513757,0.0,2.13,-26.0,104.4
1952-04-30,55.28851030984673,55.7,120.27914790475654,103.41,0.005701290109163083,0.0,0.004140868367966658,0.0,2.6,-4.5,98.2
1952-05-31,63.68401342424888,63.6,106.71665720678787,130.55,0.006954506712124441,0.0,0.005844120672778854,0.0,3.07,5.4,108.0
1952-06-30,73.36226760641544,75.0,108.18772759160795,105.94,0.005879349575448138,0.0,0.006514682079363779,0.0,3.46,19.4,114.3
1952-07-31,76.51808356186481,77.8,67.87092646257975,121.29,0.006522019680593644,0.0,0.00674788364341474,0.0,3.9,28.4,115.3
1952-08-31,74.82412445110849,75.1,75.71722283161708,132.31,0.007085252222341223,0.0,0.006935535279733424,0.0,3.11,17.4,115.0
1952-09-30,68.72952438755242,69.2,90.25820181538462,94.46,0.0052118737585521956,0.0,0.006351911184945509,0.0,4.33,-4.5,115.0
1952-10-31,56.265487817967156,56.1,126.23070655373427,60.26,0.0032338735644520766,0.0,0.004436136251757952,0.0,6.38,-9.6,108.0
1952-11-30,45.764009728594324,46.0,193.6835211019526,83.1,0.004593444254048974,0.0,0.003451679645245347,0.0,2.87,-29.0,90.3
1952-12-31,39.02994646680942,38.5,159.7659129475073,104.0,0.00556745182012848,0.0,0.004556228117710084,0.0,3.15,-23.1,87.1
1953-01-31,41.506394977654814,41.6,203.39538660940127,116.73,0.006210363907214301,0.0,0.003941908178830059,0.0,1.81,-35.0,90.3
1953-02-28,41.16657437407953,41.2,192.88952599857748,92.76,0.005464506627393226,0.0,0.003431655023285197,0.0,2.24,-29.0,90.3
1953-03-31,48.38974413532635,48.2,206.9097554351141,129.96,0.006913133677323263,0.0,0.005341109115187518,0.0,2.2,-25.1,98.2
1953-04-30,53.46056252752091,53.1,158.61117042169553,125.62,0.006914354909731396,0.0,0.005482039893005985,0.0,3.39,-5.6,102.4
1953-05-31,63.62709913541611,63.5,156.76260052258203,122.81,0.00651408263936774,0.0,0.004757315166086323,0.0,2.05,-1.7,107.1
1953-06-30,72.9417931110865,74.8,121.74056757706363,101.37,0.005613578469376454,0.0,0.0047975993548517925,0.0,2.99,19.4,115.3
1953-07-31,76.34464610772031,77.1,66.32508537831401,122.97,0.006583681336331513,0.0,0.007139160716714244,0.0,3.54,26.4,115.3
1953-08-31,74.480441302485,75.2,70.29042242856139,125.82,0.0067384318766066835,0.0,0.008205718520769385,0.0,3.98,8.4,114.3
1953-09-30,69.3682269976123,69.8,97.44792311684014,101.46,0.005633849741795769,0.0,0.00740307583325172,0.0,5.39,-4.5,111.9
1953-10-31,59.95699075069907,59.9,112.67459108375346,82.8,0.004452570445257044,0.0,0.004099990705411809,0.0,2.64,-27.6,104.4
1953-11-30,48.688168214941314,48.9,132.4523438684529,94.58,0.005261167046781999,0.0,0.004620160148014876,0.0,2.91,-13.0,92.3
1953-12-31,39.8964829821718,39.8,187.18588692215167,118.71,0.006413290113452188,0.0,0.004962698056655234,0.0,3.07,-27.9,91.2
1954-01-31,36.83343566690422,37.7,301.5114209203247,98.01,0.005373060687462311,0.0,0.003621956486952965,0.0,2.17,-49.0,90.3
1954-02-28,45.30870224378411,45.0,179.06234709370045,86.62,0.005252880533656762,0.0,0.004913238855489987,0.0,5.08,-26.0,96.3
1954-03-31,44.566977305120055,43.6,221.99197890075135,89.95,0.004930928626247122,0.0,0.0028977448040167207,0.0,1.61,-18.0,104.4
1954-04-30,58.16421267893661,58.9,174.38867090767064,117.69,0.006685412406271302,0.0,0.005609458263586097,0.0,3.86,-11.0,105.1
1954-05-31,61.9843625006849,62.0,123.801355455216,121.72,0.006669223604186072,0.0,0.005316384772761542,0.0,2.28,-4.5,104.4
1954-06-30,72.13193469201347,74.1,114.65840235974315,112.34,0.006413198607067421,0.0,0.0058450868502216025,0.0,3.46,21.9,115.0
1954-07-31,77.19021330680813,78.3,79.49410979699542,101.01,0.005581896551724138,0.0,0.005069857564482439,0.0,3.46,33.1,118.0
1954-08-31,74.66432729086978,74.6,87.65155752365385,131.99,0.007316924441487888,0.0,0.007264682289775347,0.0,3.03,30.9,115.0
1954-09-30,69.88487419040523,70.5,113.22610445367643,107.19,0.006143749641772224,0.0,0.009905110138478647,0.0,8.03,18.0,109.2
1954-10-31,59.04213533000554,58.4,167.30418546729175,106.63,0.0059140321686078755,0.0,0.006338803413936455,0.0,4.29,9.0,104.4
1954-11-30,48.299619534355486,48.0,117.76724558185532,96.33,0.0054701873935264055,0.0,0.003911815369889344,0.0,1.97,-6.0,91.9
1954-12-31,39.176413481162776,38.0,184.0935930276112,100.67,0.005552981410998952,0.0,0.0036319660945142653,0.0,2.13,-26.0,90.0
1955-01-31,36.4033184039088,36.5,228.32639482389223,76.99,0.005224619978284473,0.0,0.002798578656794835,0.0,1.42,-34.1,84.9
1955-02-28,38.713279647496776,38.9,284.0135905422892,89.76,0.0068191141836967265,0.0,0.004697425642825666,0.0,2.6,-41.1,90.3
1955-03-31,46.799573443412456,46.7,274.3115437839099,82.62,0.00568421052631579,0.0,0.0032097131227683856,0.0,1.57,-29.0,97.3
1955-04-30,57.60683978998156,57.7,148.94079902393045,92.03,0.0065297289626791545,0.0,0.005543047544423833,0.0,4.49,3.0,101.3
1955-05-31,65.39770320451107,66.1,118.39082479107475,108.45,0.007457708705817632,0.0,0.00721831452381915,0.0,3.58,-4.5,105.1
1955-06-30,69.99529747060919,70.6,91.4918191273375,102.39,0.007295333095831849,0.0,0.00538196742513311,0.0,3.58,19.9,117.0
1955-07-31,76.62613981762918,78.5,71.69445172317835,118.86,0.00821083172147002,0.0,0.008050684666085392,0.0,2.99,23.4,115.0
1955-08-31,76.36284844711903,78.0,63.32037326376171,133.69,0.009247423393511794,0.0,0.01569312479015789,0.0,6.93,18.3,111.0
1955-09-30,69.64693063666144,71.4,117.0694218866502,108.12,0.007699757869249395,0.0,0.00852193591476224,0.0,4.8,-5.6,114.1
1955-10-31,59.490201908449734,59.3,113.66389749052045,137.97,0.009540174249757987,0.0,0.013332815307292793,0.0,4.53,9.0,105.1
1955-11-30,45.55025283099494,46.1,252.35742319105773,97.37,0.006934691261306175,0.0,0.005254833982328084,0.0,2.24,-33.0,91.9
1955-12-31,38.163889845094666,37.9,267.90388255464956,73.99,0.005093975903614457,0.0,0.003383681955583273,0.0,1.93,-40.0,91.2
1956-01-31,37.31931553730321,37.7,219.25511733557278,99.77,0.006828884325804243,0.0,0.004105112068643613,0.0,2.09,-31.0,89.2
1956-02-29,40.02545441326159,40.0,285.28143375335605,88.84,0.006459211865639087,0.0,0.004020051161045331,0.0,3.27,-33.0,95.4
1956-03-31,46.28930273730083,46.6,230.61582086891548,110.59,0.0075303009669072584,0.0,0.005284897787951628,0.0,2.95,-25.1,99.3
1956-04-30,54.23960389110504,53.6,155.2541922003098,85.5,0.005983623766533697,0.0,0.004200545924409394,0.0,2.13,8.1,99.3
1956-05-31,65.05955887297424,65.8,138.86939063256358,119.01,0.008002824288884406,0.0,0.0061098644170396905,0.0,2.52,19.9,108.0
1956-06-30,72.9781310882271,74.7,94.35719132983333,108.12,0.007522961313665461,0.0,0.006043310654983426,0.0,2.6,25.0,117.0
1956-07-31,75.35310554803789,76.2,70.78967774919401,144.53,0.009778755074424899,0.0,0.010975991374862519,0.0,4.33,33.1,117.0
1956-08-31,74.72824530595703,75.4,81.32238350645517,105.52,0.007126840470079697,0.0,0.006889522174508424,0.0,2.64,32.0,111.4
1956-09-30,68.61281422869547,69.3,111.03087499973127,88.88,0.0062236538057558995,0.0,0.009389666782194966,0.0,8.39,19.9,113.0
1956-10-31,60.548002156188936,61.2,115.25701100161129,101.31,0.006826359409743279,0.0,0.006791638916994523,0.0,3.19,5.0,103.3
1956-11-30,46.9226852816559,47.1,193.21423527278571,69.07,0.004797527262624157,0.0,0.004251843205888453,0.0,4.21,-20.0,97.0
1956-12-31,43.12452024140504,43.1,235.62769384787126,79.41,0.005384824032006509,0.0,0.0036650678911988714,0.0,2.6,-32.1,86.0
1957-01-31,35.08906533880627,35.1,378.6693548531329,74.51,0.005013794495659781,0.0,0.0031404927437502137,0.0,2.99,-44.0,91.2
1957-02-28,44.21021014331328,43.7,259.5008054437307,74.17,0.005507536942154897,0.0,0.0034077384512847327,0.0,2.05,-31.0,93.4
1957-03-31,46.83100046970409,46.3,164.88283973849028,105.78,0.00709789975172784,0.0,0.004654327215424933,0.0,2.01,-20.0,92.3
1957-04-30,55.90074305555555,56.8,176.9341497360435,120.27,0.008352083333333333,0.0,0.006171150422772424,0.0,2.28,-6.0,99.3
1957-05-31,63.882196361690745,63.9,109.84015655618194,147.99,0.009897672552166935,0.0,0.008788732756270809,0.0,2.76,21.0,104.0
1957-06-30,72.36972100466151,73.4,86.65867955616818,151.07,0.010510679746747372,0.0,0.011152731116800612,0.0,3.43,26.1,118.0
1957-07-31,76.61369715706701,77.4,66.27595298557549,124.37,0.008358760669399825,0.0,0.010496445821719762,0.0,4.65,35.1,118.9
1957-08-31,74.36117496807152,74.7,72.92854360456889,115.82,0.007785171741614572,0.0,0.008859836072121943,0.0,3.9,32.0,118.0
1957-09-30,68.44172971472202,68.5,97.07002721751516,119.76,0.008312625806899425,0.0,0.009031381364248607,0.0,3.74,15.1,113.0
1957-10-31,56.55076758061273,56.8,122.08079670898368,111.17,0.007452570892270564,0.0,0.006942853157274489,0.0,3.15,3.9,102.0
1957-11-30,47.57280253898164,47.3,173.42571991726157,107.16,0.007393404167241617,0.0,0.004679177727829863,0.0,2.28,-24.0,90.0
1957-12-31,43.19445002343175,43.0,170.780125194627,109.53,0.00733279775055232,0.0,0.005004160328225891,0.0,2.52,-25.1,87.1
1958-01-31,37.505034049939916,37.2,176.1029165008102,129.99,0.008678728802243291,0.0,0.0070278261362753565,0.0,2.64,-29.9,88.0
1958-02-28,37.28021433850702,38.3,288.44461625977056,101.43,0.007496674057649668,0.0,0.005954979107866967,0.0,3.5,-31.0,88.0
1958-03-31,43.9977297008547,42.8,145.27042556326083,118.64,0.007922008547008547,0.0,0.005423501362669971,0.0,2.28,-11.9,91.9
1958-04-30,55.65451717702357,55.7,136.81769475338615,136.74,0.009451855948019632,0.0,0.00866662195615015,0.0,4.09,9.0,109.2
1958-05-31,65.61186835106383,66.2,101.01919353010992,102.23,0.006797207446808511,0.0,0.004689462163888051,0.0,2.36,17.4,111.9
1958-06-30,71.04406154274575,70.9,98.31863005288542,142.78,0.009940128098022834,0.0,0.011302579440936081,0.0,4.21,28.9,113.0
1958-07-31,75.43340782879588,76.1,67.16034066495476,148.29,0.010042665583096301,0.0,0.009428206780947034,0.0,3.82,34.0,118.9
1958-08-31,75.63589395891248,76.4,60.593535241262366,123.35,0.008363278866363821,0.0,0.011274483967442015,0.0,4.69,34.0,114.1
1958-09-30,69.15568849706129,69.9,96.28565723358706,125.95,0.008812622446123707,0.0,0.008049692128116398,0.0,3.58,12.0,111.0
1958-10-31,58.984356596493605,59.4,118.30523522945144,103.34,0.006995193934881202,0.0,0.007225637466745848,0.0,4.76,8.1,105.1
1958-11-30,49.404492337835,50.1,203.680788774802,109.77,0.007681058008536841,0.0,0.005740528359860252,0.0,2.36,-26.0,91.0
1958-12-31,37.67364513734224,38.2,265.8389726259527,77.92,0.0052588243234122966,0.0,0.0033533904163552688,0.0,2.2,-34.1,93.4
1959-01-31,36.10510366826156,36.8,301.39624579542493,107.36,0.007444698703279939,0.0,0.004925696057365849,0.0,2.01,-38.0,86.0
1959-02-28,39.081059734682924,39.6,295.77911209773634,102.64,0.007870562073460624,0.0,0.005425288766010714,0.0,1.89,-36.0,93.4
1959-03-31,46.70185429543718,46.4,176.1488012564449,134.97,0.009373567608861726,0.0,0.009497218334479281,0.0,4.49,-29.9,91.9
1959-04-30,56.27800964236886,56.6,141.52366578488116,98.61,0.007095776066777002,0.0,0.004953021410625716,0.0,1.93,-2.0,105.1
1959-05-31,65.11124190290451,66.4,123.69092961527423,131.98,0.00919272828585359,0.0,0.00882739925611822,0.0,3.98,12.9,104.4
1959-06-30,72.50640138408305,73.7,88.48823239543468,115.58,0.008331891580161475,0.0,0.007419061348941314,0.0,3.23,28.0,117.0
1959-07-31,75.92725503822098,76.5,53.79912784585508,150.04,0.010426685198054203,0.0,0.012894807154971526,0.0,4.45,32.0,117.0
1959-08-31,75.62991043532598,77.3,60.483175571758444,128.91,0.008950218704436576,0.0,0.008772512658437077,0.0,4.09,30.9,114.1
1959-09-30,68.92537727790433,70.9,116.52110080447406,138.05,0.009827021640091117,0.0,0.010264175956616066,0.0,3.86,17.1,114.1
1959-10-31,58.714720286955924,58.7,159.11626646597387,171.32,0.01181761743809064,0.0,0.012202290685741253,0.0,4.17,9.0,108.0
1959-11-30,45.444032921810695,45.4,231.33745357047562,114.52,0.00812544345111395,0.0,0.00762814689675569,0.0,3.43,-38.0,93.9
1959-12-31,41.580558406897964,41.0,161.79822246396023,129.14000000000001,0.008837336618079793,0.0,0.007778123894685283,0.0,3.19,-13.0,88.3
1960-01-31,36.25500958116616,35.8,252.1807640338532,110.59,0.007568436901177115,0.0,0.006134809839374347,0.0,4.76,-32.1,88.3
1960-02-29,37.55652967369881,37.3,221.93372342098726,132.2,0.009650339440835097,0.0,0.007435072647534104,0.0,2.72,-27.9,97.3
1960-03-31,40.76456083146525,40.9,291.8029661267535,111.11,0.0075477209428707285,0.0,0.0072387005928014935,0.0,5.63,-32.1,96.3
1960-04-30,56.91266961963018,57.6,154.07237216527568,122.29,0.008598045419391128,0.0,0.006658532205432586,0.0,2.76,3.0,101.3
1960-05-31,63.08205959862153,63.1,110.95723792562735,138.42,0.009353334684775998,0.0,0.007091479349434594,0.0,2.72,14.0,109.9
1960-06-30,71.85912916463796,72.0,83.51991543524844,134.1,0.009327397927244905,0.0,0.009057915688505553,0.0,4.06,26.1,118.0
1960-07-31,75.50234722784298,75.9,63.438904439560496,174.54,0.011772561715904491,0.0,0.02013327602550455,0.0,7.28,35.1,120.0
1960-08-31,74.2694281277429,75.4,69.2703374109537,121.62,0.008211464452096416,0.0,0.006892351228449456,0.0,2.8,25.0,118.9
1960-09-30,69.28591156367695,69.4,91.64564651850887,148.79,0.010377319012414562,0.0,0.01690734872735877,0.0,4.33,21.9,116.1
1960-10-31,58.93503753296815,59.0,128.54425653010756,124.01,0.008386420504497194,0.0,0.0077538279448963465,0.0,3.46,6.1,102.9
1960-11-30,48.559819067501735,48.3,153.81912864705816,92.58,0.00644258872651357,0.0,0.005447167174869487,0.0,3.15,-15.0,91.9
1960-12-31,35.852771962995476,35.3,219.53295169576688,82.5,0.005570936592612601,0.0,0.004628714055315327,0.0,3.5,-27.9,87.1
1961-01-31,34.726251352813854,35.6,258.93050949401163,85.87,0.005808306277056277,0.0,0.004312300665628701,0.0,2.99,-33.0,91.9
1961-02-28,42.09043069343883,41.9,228.62755697334237,121.93,0.009101291333880721,0.0,0.007264420688836971,0.0,2.13,-31.0,88.0
1961-03-31,47.96211948121766,47.6,181.22773230857155,144.75,0.009727168873059607,0.0,0.00720586641838877,0.0,2.6,-11.0,95.4
1961-04-30,52.93363313114411,52.3,153.47345665719834,121.67,0.008482883636617165,0.0,0.006960966918695648,0.0,3.98,6.1,102.9
1961-05-31,62.033767716799886,61.5,112.8891599468468,131.94,0.008862766171827768,0.0,0.00719719512503618,0.0,2.72,15.1,102.4
1961-06-30,71.48289510294936,71.8,76.32852340214328,127.73,0.00888494713411241,0.0,0.00967989048365635,0.0,3.9,25.0,120.0
1961-07-31,75.12087496624358,75.9,57.482964381907315,149.48,0.01009181744531461,0.0,0.008735323416938372,0.0,2.76,35.1,118.9
1961-08-31,74.34536644457904,75.0,49.12983231119249,132.45,0.008913789622451039,0.0,0.009649620982938933,0.0,4.29,34.0,115.0
1961-09-30,67.95097600223886,69.3,119.61011187270957,153.69,0.010752816063807458,0.0,0.014671053715306082,0.0,4.72,19.0,104.0
1961-10-31,58.15899796885579,58.9,118.5299877561068,97.11,0.006574813811780636,0.0,0.005777711411113655,0.0,3.54,3.9,109.9
1961-11-30,46.70724840675118,46.0,178.8147975759843,120.3,0.008424959731073604,0.0,0.0066063788586883405,0.0,2.8,-6.0,90.3
1961-12-31,37.70231657608696,37.9,256.1472199880937,109.79,0.007458559782608696,0.0,0.004507250813334271,0.0,2.2,-41.1,88.3
1962-01-31,33.61830065359477,34.9,319.38806841317717,105.31,0.007169798474945534,0.0,0.0059062060681285,0.0,4.02,-40.0,88.3
1962-02-28,39.80342254052017,40.6,340.1051616870211,129.54,0.009765548435733132,0.0,0.008774047863060526,0.0,4.21,-40.0,96.3
1962-03-31,43.253709743171626,43.3,204.8439636099751,100.6,0.006835167821714907,0.0,0.0057110404373945595,0.0,4.61,-38.0,92.3
1962-04-30,55.37937926666197,55.6,146.42396664732107,101.24,0.007125061580688295,0.0,0.0048220199018560944,0.0,2.24,2.3,102.0
1962-05-31,65.36814171304465,66.3,129.5223203502408,116.72,0.007921813492602145,0.0,0.006901565596222346,0.0,3.15,14.0,102.4
1962-06-30,70.51504449583071,71.8,78.31834898014914,155.79,0.010916544040361572,0.0,0.012014913216815151,0.0,4.13,25.0,113.0
1962-07-31,73.892740237691,74.2,74.30229108471899,137.22,0.009318845500848896,0.0,0.008286299104888222,0.0,2.76,30.9,111.0
1962-08-31,74.27087836913394,74.7,75.3678246508683,156.35,0.010695717608427965,0.0,0.013320094722030598,0.0,4.61,24.1,116.1
1962-09-30,67.02240831036676,66.7,104.29568369786524,139.1,0.009829694014557275,0.0,0.010425872053892291,0.0,6.02,19.0,111.0
1962-10-31,59.47615400396636,59.3,134.20899431686436,129.53,0.008857963482185599,0.0,0.012154474626600572,0.0,5.79,10.9,102.0
1962-11-30,47.337702379276365,47.0,115.41909092612916,118.82,0.008364071519076446,0.0,0.008344116932214258,0.0,4.09,3.9,96.1
1962-12-31,37.70882473662608,38.6,233.85899169521673,91.8,0.0062799288548365025,0.0,0.004807573546632396,0.0,3.11,-31.0,89.1
1963-01-31,31.148281562091054,32.7,346.03749928536797,97.25,0.006698119705213858,0.0,0.004993780676309949,0.0,2.68,-51.0,89.2
1963-02-28,37.76208311175264,38.8,276.88826513304014,103.64,0.007873585049000988,0.0,0.007528413739972735,0.0,4.45,-33.0,92.3
1963-03-31,48.14439828372948,48.7,195.6820587630326,118.39,0.00806306613089968,0.0,0.004889314371391,0.0,2.44,-16.1,94.3
1963-04-30,55.91508478153803,54.8,157.51496382091477,104.5,0.00735242383733202,0.0,0.005109236680903402,0.0,2.56,-4.0,106.3
1963-05-31,63.788446457544616,63.2,113.48551521192609,107.78,0.00728637101135749,0.0,0.004667005268906487,0.0,2.24,18.0,105.1
1963-06-30,71.04835402427118,72.0,90.3015586353475,153.83,0.010728832473148278,0.0,0.012604985959451455,0.0,5.2,25.0,111.0
1963-07-31,75.19022357723577,76.0,67.31503484397292,147.89,0.010019647696476964,0.0,0.012307276529722078,0.0,3.58,33.1,115.0
1963-08-31,73.7051289009498,74.0,71.40347189463955,124.82000000000001,0.008468113975576662,0.0,0.006149101703885487,0.0,2.01,33.1,114.1
1963-09-30,68.35675600223338,68.4,89.02739205828075,125.69,0.008772333891680625,0.0,0.01310819469206078,0.0,6.85,21.9,115.0
1963-10-31,62.229034229828855,63.0,88.26079724694343,70.93,0.004817305080141266,0.0,0.0034750532194977733,0.0,2.09,14.0,105.1
1963-11-30,49.13216542620419,48.7,129.12300505710667,177.36,0.012453307119786547,0.0,0.017224624776998553,0.0,5.91,-11.9,93.4
1963-12-31,33.25818974324048,34.2,250.80902620101944,92.3,0.0062861812980998435,0.0,0.003634544712313409,0.0,1.81,-33.0,90.0
1964-01-31,37.33944323441329,37.9,205.28457372851867,145.87,0.00992853253471277,0.0,0.009065674559877572,0.0,4.29,-38.0,89.1
1964-02-29,37.25917310777308,37.0,163.32925625487067,108.38,0.007902872976520344,0.0,0.006189665764369927,0.0,3.27,-22.0,91.0
1964-03-31,44.80073454397061,44.9,203.2217570444101,127.46000000000001,0.008668979119907503,0.0,0.007999881099263802,0.0,3.43,-24.0,96.3
1964-04-30,55.190943688773,54.9,158.20888682435867,129.27,0.009110578617238707,0.0,0.00671764699056595,0.0,2.64,-5.1,100.2
1964-05-31,64.67399931577147,65.3,115.28407963185968,123.52,0.008451590831337667,0.0,0.007661629909710805,0.0,3.23,12.0,104.0
1964-06-30,70.81797017864679,72.2,104.7144206667599,127.03,0.00893444928963286,0.0,0.008569062172521501,0.0,3.11,24.1,113.0
1964-07-31,75.68618358147795,76.6,63.98945256051757,141.29,0.009649638027591858,0.0,0.010324342780075213,0.0,4.92,30.9,117.0
1964-08-31,72.79760409556313,73.5,86.73238350083659,158.96,0.010850511945392492,0.0,0.014467363138860052,0.0,5.83,28.0,114.1
1964-09-30,66.93016198627714,67.1,105.50759896215813,134.52,0.00951545589587607,0.0,0.013604568539394893,0.0,4.53,21.9,107.1
1964-10-31,57.04166265557313,57.1,105.48454865884979,93.95,0.006460152650759816,0.0,0.007405911749309646,0.0,3.27,12.0,105.1
1964-11-30,48.005195082083716,49.0,217.0922580127571,134.52,0.009560088124511408,0.0,0.008617226506431448,0.0,3.43,-27.0,91.2
1964-12-31,38.86320280779024,39.2,291.73295213636135,125.99,0.008670428738558942,0.0,0.007700668457207792,0.0,5.67,-41.1,90.0
1965-01-31,37.54293462327763,38.3,297.80182283205113,66.91,0.004903987100557021,0.0,0.002931025010855499,0.0,1.97,-41.1,89.1
1965-02-28,38.36229946524064,39.8,280.7014656787259,82.05,0.006648031113271754,0.0,0.006021686171878806,0.0,3.03,-33.0,88.0
1965-03-31,42.18290648324308,42.0,241.87691525462674,78.03,0.00570979072149861,0.0,0.004185317601902786,0.0,2.2,-25.1,92.3
1965-04-30,55.76724348223814,55.0,166.0208229415499,79.73,0.006077908217716116,0.0,0.004374987297232716,0.0,1.89,1.9,100.9
1965-05-31,64.99280756166002,66.7,109.65595003740582,49.79,0.0036767094963816274,0.0,0.002579945102590294,0.0,1.77,12.9,102.9
1965-06-30,69.79387755102042,70.9,79.75269833296419,118.49,0.009056791255828174,0.0,0.011922348326257215,0.0,4.96,28.0,106.3
1965-07-31,74.44548288916933,75.1,63.99439514727577,95.5,0.007089302947071487,0.0,0.010568698705906085,0.0,5.16,32.0,111.9
1965-08-31,73.55061994208924,75.0,69.07353781730689,97.65,0.007249981438859604,0.0,0.007295882039834822,0.0,3.07,30.0,111.9
1965-09-30,66.63303964757709,67.5,137.7520764840504,110.14,0.008512249787464255,0.0,0.012709341537208915,0.0,5.71,6.1,106.0
1965-10-31,58.4896479085164,58.4,107.8807415207445,63.62,0.004786337646704784,0.0,0.005334880234663825,0.0,3.5,10.0,106.0
1965-11-30,49.84915710876761,50.5,174.63091980526045,75.77,0.0058324994226772375,0.0,0.004257518977578416,0.0,1.85,-15.0,96.3
1965-12-31,41.43223257547522,41.2,178.86577028733905,75.78,0.00564890048453224,0.0,0.0039725903027644305,0.0,2.13,-20.0,89.1
1966-01-31,33.2631243915225,34.4,309.9608195364287,102.36,0.007665693102673557,0.0,0.005762368158628668,0.0,1.77,-41.1,89.1
1966-02-28,37.75037450066578,38.0,240.27570689261248,87.95,0.0073194074567243675,0.0,0.006922343580040068,0.0,3.19,-41.1,87.1
1966-03-31,47.68492605660236,48.5,176.97049498139384,67.54,0.005070189925681256,0.0,0.0037429398928242852,0.0,1.85,-17.0,95.4
1966-04-30,54.63087017653492,55.0,155.03745020750233,65.38,0.005107014528979847,0.0,0.00425183215296424,0.0,2.32,-2.0,100.0
1966-05-31,63.179744635841644,64.3,124.43227801562952,91.84,0.006938652160773648,0.0,0.006356838245980686,0.0,3.15,17.1,104.0
1966-06-30,70.98723569651742,72.5,82.04083060727585,83.52,0.006492537313432836,0.0,0.007071845081519242,0.0,4.06,24.1,111.9
1966-07-31,76.63756993800091,77.9,67.48336041571301,74.02,0.005596552245576893,0.0,0.006306808559756699,0.0,4.57,30.0,113.0
1966-08-31,73.48974204707828,74.1,65.09481805168618,86.25,0.006486425509513424,0.0,0.007630809702151339,0.0,4.92,32.0,111.9
1966-09-30,67.60378470606483,67.8,84.30380480154598,93.44,0.007246781448735846,0.0,0.008536466357048779,0.0,3.78,23.0,109.0
1966-10-31,57.453014475451425,57.4,120.72317761474531,64.73,0.004829876137889867,0.0,0.005679894195776013,0.0,3.54,10.0,98.2
1966-11-30,48.9002827017115,49.4,180.6054870447009,80.79,0.0061728300733496335,0.0,0.006614304046639689,0.0,4.33,-16.1,100.0
1966-12-31,38.95710481544493,38.7,234.02780848368738,87.88,0.006500480804793253,0.0,0.004657785008645864,0.0,2.28,-26.0,90.0
1967-01-31,39.29068272498891,39.6,234.74229772346195,88.96,0.006573075217969558,0.0,0.005537342734693696,0.0,2.87,-36.9,86.0
1967-02-28,38.064631854212635,39.0,278.9333828593083,73.28,0.0059883958486557165,0.0,0.004385417648922056,0.0,2.13,-36.9,88.0
1967-03-31,48.05474667254945,48.9,264.6033307179201,68.73,0.005054048091771454,0.0,0.0034197187288316335,0.0,2.24,-27.0,96.1
1967-04-30,55.52216718738094,54.1,190.63843480911424,77.41,0.005898803627219385,0.0,0.005147025881056012,0.0,3.82,-11.9,100.2
1967-05-31,61.265127155802396,60.7,147.37012633770084,81.16,0.005931014323297281,0.0,0.005126305552694663,0.0,2.83,1.9,108.0
1967-06-30,70.4464926836627,71.1,85.63692403332605,113.18,0.008536732538844473,0.0,0.009228468930470968,0.0,3.15,28.9,109.4
1967-07-31,74.20415135929464,74.6,59.922943305768584,99.3,0.007296105804555474,0.0,0.006960959416092824,0.0,2.52,34.0,113.0
1967-08-31,73.37701090536486,73.7,57.54926578285574,100.05,0.007322696333162556,0.0,0.007578587632254954,0.0,3.66,33.1,113.0
1967-09-30,66.92194307400379,67.5,74.38810431587248,73.57,0.005584060721062618,0.0,0.0052702505429445354,0.0,2.68,22.3,106.0
1967-10-31,58.14981928155196,58.7,118.84119298150166,80.66,0.005949693885077819,0.0,0.007005967666806557,0.0,5.31,-0.9,100.9
1967-11-30,46.92789849566935,46.8,178.62847167178708,58.15,0.004418021577267893,0.0,0.0025636799669692223,0.0,1.42,-11.0,91.2
1967-12-31,39.62477563631013,39.5,255.84126650229445,98.9,0.007275268500809181,0.0,0.006584615312680806,0.0,3.58,-41.1,86.4
1968-01-31,34.82888505002519,35.8,304.9454361092301,76.38,0.005497732671129346,0.0,0.003543872961314361,0.0,2.2,-44.0,88.3
1968-02-29,37.492598861363284,38.2,234.75614280299123,50.68,0.0038990613940606245,0.0,0.002759498004812579,0.0,1.61,-23.1,91.9
1968-03-31,47.89597199162636,48.4,164.19753069860815,74.41,0.005371399696816574,0.0,0.004784797440698838,0.0,3.19,-18.9,91.9
1968-04-30,55.87075485799701,56.1,132.53036896449208,65.84,0.004920777279521674,0.0,0.004135213096936713,0.0,2.72,1.9,98.4
1968-05-31,62.17093801742135,61.5,105.63735476440823,88.0,0.006335037074364697,0.0,0.005340771543373363,0.0,2.76,14.0,106.0
1968-06-30,71.20526355084367,72.6,88.4153168759558,109.26,0.008157383903240258,0.0,0.011844749065536663,0.0,4.33,23.0,114.1
1968-07-31,74.96402668987525,76.1,56.340437893535594,96.85,0.00702422396286626,0.0,0.011078349453049767,0.0,5.31,30.0,111.4
1968-08-31,73.64128947751419,74.9,81.32915452663161,89.75,0.006531072624072188,0.0,0.006090702003638008,0.0,2.48,26.1,109.0
1968-09-30,67.83073148637428,68.3,76.23179972911792,60.73,0.004584434211519589,0.0,0.004642057021767637,0.0,2.87,18.0,111.9
1968-10-31,59.22995232856619,59.6,126.02285810979916,89.58,0.006569856985698569,0.0,0.01059272936858009,0.0,5.2,8.1,100.0
1968-11-30,47.18410811629315,46.5,147.2309165059136,103.41,0.007829345850999394,0.0,0.007092168345994352,0.0,2.52,-11.9,94.3
1968-12-31,37.09016502136438,37.5,248.8382625086818,93.18,0.006864594076911743,0.0,0.005550737281655742,0.0,2.44,-44.0,88.0
1969-01-31,36.31493152702106,37.2,333.1364282369727,73.6,0.00541893682815491,0.0,0.004004665801446694,0.0,2.36,-49.0,93.0
1969-02-28,38.724955102040816,38.2,197.81615162260746,71.89,0.005868571428571429,0.0,0.004395886064168507,0.0,1.89,-27.0,88.0
1969-03-31,42.24260079751883,42.7,199.04093298869574,74.06,0.005468911534485305,0.0,0.005272326446477774,0.0,2.6,-18.9,96.1
1969-04-30,56.83355489342196,57.0,118.23701120803877,74.44,0.00568721827488731,0.0,0.00504731383493408,0.0,3.66,6.1,97.3
1969-05-31,64.51552386581942,65.3,99.32566972849936,88.0,0.0065021427515885915,0.0,0.007272475536677773,0.0,3.66,21.9,109.0
1969-06-30,70.39974797617229,70.5,104.81324747333029,82.53,0.006302886818390103,0.0,0.0059651663294033675,0.0,2.76,24.1,111.2
1969-07-31,76.03888188626084,77.0,74.68058952534798,106.59,0.007903166011714985,0.0,0.009398539339671592,0.0,3.23,34.3,116.1
1969-08-31,75.24175865155131,75.6,60.10078983598121,91.96,0.006858591885441527,0.0,0.011440209136288078,0.0,5.87,34.0,117.3
1969-09-30,68.44560401389425,68.9,82.4788480120886,87.78,0.0067757622539560015,0.0,0.010012214265041498,0.0,4.69,25.0,111.0
1969-10-31,56.76045294865087,57.8,175.401304055549,59.76,0.004466701547200837,0.0,0.0034010367704843114,0.0,2.17,0.0,104.0
1969-11-30,47.09902264970524,46.8,158.0332439442544,63.67,0.0049387216878684454,0.0,0.006975583863946376,0.0,5.24,-11.9,95.0
1969-12-31,39.2726368159204,38.7,196.3153944337868,110.45,0.008325795266093774,0.0,0.008828896789510756,0.0,3.23,-20.0,88.0
1970-01-31,32.98203610984676,34.6,337.45042304459605,58.86,0.004465179790623578,0.0,0.00325330244423974,0.0,2.4,-36.0,90.0
1970-02-28,40.2173525204073,41.1,218.25165139793685,60.17,0.005063536144071363,0.0,0.0038646210259393617,0.0,1.85,-35.0,87.1
1970-03-31,44.555002654934384,43.9,196.10230523250678,86.16,0.0065356899036638095,0.0,0.005280874295091814,0.0,2.28,-18.0,92.3
1970-04-30,55.132584798994976,55.4,181.19360795511832,58.9,0.004624685929648241,0.0,0.005313498704259418,0.0,3.15,-4.0,101.3
1970-05-31,64.8901170746541,66.1,109.89381397549676,69.7,0.005298768435456895,0.0,0.005007106807576113,0.0,2.28,16.0,112.3
1970-06-30,71.66203921568628,72.7,87.682465054545,80.06,0.00627921568627451,0.0,0.008263478389846843,0.0,3.78,25.0,120.0
1970-07-31,76.09061456752656,76.9,62.569968056908664,74.02,0.0056160849772382395,0.0,0.005107845617268739,0.0,3.11,35.1,117.3
1970-08-31,75.58563510743299,76.3,60.21292043753488,84.09,0.006384481056867361,0.0,0.007653274790275491,0.0,3.19,35.1,115.0
1970-09-30,68.92935743605936,70.5,127.94495870920841,77.83,0.00614382696558257,0.0,0.006777715792789807,0.0,3.39,16.0,110.3
1970-10-31,58.07922812380588,58.9,138.47192404494498,74.2,0.005670615208253726,0.0,0.004882485505315464,0.0,2.76,6.1,102.4
1970-11-30,47.30056542167715,47.7,157.52705367836083,57.65,0.004591064744763877,0.0,0.0030067398150258303,0.0,2.24,-20.9,90.3
1970-12-31,40.36590171534539,40.7,277.89287399945823,79.17,0.0061172925359295315,0.0,0.005111907422141289,0.0,2.28,-32.1,89.2
1971-01-31,34.73323997108782,35.3,364.03081422378483,62.24,0.005623418865196964,0.0,0.0031103278584828707,0.0,1.89,-38.0,93.4
1971-02-28,38.7716641375822,38.8,288.7792465727386,121.9,0.012331815882650482,0.0,0.010494207976922836,0.0,2.38,-36.9,93.0
1971-03-31,44.24274222704266,43.2,207.1157911236406,107.48,0.009714389009399856,0.0,0.010750311621555634,0.0,5.43,-14.1,100.9
1971-04-30,53.87763575293898,53.4,142.49312767472023,71.77,0.006696211979846986,0.0,0.006470366041448755,0.0,3.39,1.0,99.3
1971-05-31,61.65928455869135,60.9,100.66190524989604,112.62,0.010122236203487327,0.0,0.0095083895513495,0.0,2.99,18.0,108.3
1971-06-30,71.83770110666791,73.6,88.7283199378111,103.9,0.009662419789826095,0.0,0.010269668395074148,0.0,3.11,24.1,115.0
1971-07-31,74.25186928577895,74.8,65.91545164758702,150.55,0.013628134335113607,0.0,0.012143851563991307,0.0,2.68,30.9,117.0
1971-08-31,73.94514932294565,74.5,49.02506273161959,151.0,0.014004822852902986,0.0,0.021698494736036696,0.0,6.06,35.1,118.0
1971-09-30,68.31010370088478,70.3,118.76650114052951,119.23,0.011343354580915233,0.0,0.01360365669203781,0.0,4.88,15.1,115.0
1971-10-31,59.97195234577023,60.9,149.9572875152316,112.66,0.010404506834133726,0.0,0.010758938603497439,0.0,2.52,-6.0,104.0
1971-11-30,46.924070913917326,46.3,184.59308413719052,82.67999999999999,0.007838452787258247,0.0,0.006101537567417218,0.0,2.32,-15.0,90.0
1971-12-31,41.22567953561227,40.6,290.8720432282919,138.13,0.01272735649129273,0.0,0.013942726709164886,0.0,5.12,-27.0,87.1
1972-01-31,36.4112887873596,37.5,382.24734137551866,103.09,0.009812488102036932,0.0,0.007924791109144295,0.0,2.73,-43.1,91.9
1972-02-29,37.96578947368421,38.4,295.69062018849115,109.26,0.011058704453441296,0.0,0.008020095753762245,0.0,1.85,-34.1,89.1
1972-03-31,47.15571442188542,48.0,235.34316920118283,107.82,0.010277380611953102,0.0,0.008011734301469871,0.0,2.24,-23.1,98.1
1972-04-30,54.12116766761839,53.6,182.09383112952654,84.68,0.00833710741360638,0.0,0.005707839084700235,0.0,2.36,5.0,102.0
1972-05-31,63.5093408161324,63.9,94.38201129488743,134.01,0.012747075049938172,0.0,0.012106855448302716,0.0,3.74,15.1,104.0
1972-06-30,69.95686992674719,70.0,80.60060768508917,176.68,0.017489606018610177,0.0,0.029068184972639514,0.0,5.51,26.1,117.0
1972-07-31,74.2788163187129,75.2,70.03299244992817,114.22,0.010938517525378279,0.0,0.010230399629178304,0.0,3.54,30.0,118.9
1972-08-31,73.58959460742427,74.2,63.92295096553126,104.14,0.009887021741194341,0.0,0.008618112946816536,0.0,2.87,32.9,118.9
1972-09-30,67.42147742818058,68.0,115.75174819322561,113.27,0.011068008598788353,0.0,0.013890240072902864,0.0,7.28,19.0,108.0
1972-10-31,55.71116910229645,55.7,165.6375814175443,111.79,0.010608274814955401,0.0,0.015675372587874797,0.0,6.56,-5.1,105.1
1972-11-30,44.606897899364924,43.4,174.87929187104825,174.69,0.01706790425012213,0.0,0.019710739476895254,0.0,3.35,-9.0,89.1
1972-12-31,36.55042579657449,37.8,346.8713383354278,132.69,0.012696392689694766,0.0,0.010302221593684583,0.0,2.83,-36.0,90.0
1973-01-31,34.290350348627015,35.5,291.2433803877303,3175.45,0.13667254885082206,0.0,0.25733629986448886,0.0,11.81,-45.4,91.9
1973-02-28,37.13415052125482,37.0,238.90210418052175,3490.02,0.16613604988813252,0.0,0.31788654970815167,0.0,12.2,-45.4,89.6
1973-03-31,48.00359721450848,47.3,165.95601115587942,4644.79,0.19843593796727474,0.0,0.47842923351657485,0.0,13.78,-45.4,95.0
1973-04-30,52.69051766058087,52.9,160.24792201760505,4623.12,0.2043729278104416,0.0,0.6013231224571599,0.0,14.17,-24.0,104.0
1973-05-31,61.83503411577909,61.6,121.81288636803077,3622.46,0.1554503711968416,0.0,0.5341947235582509,0.0,14.17,-8.9,110.8
1973-06-30,71.33425616334537,72.8,93.54430929844386,2195.4,0.09787347866791495,0.0,0.12301452362605643,0.0,18.03,6.1,120.9
1973-07-31,74.6511712873415,75.8,75.58478553053718,2066.96,0.08884418654631421,0.0,0.09712384027580075,0.0,8.03,18.0,119.8
1973-08-31,73.92654636976367,75.4,73.24810162510603,1701.99,0.07260429997440492,0.0,0.08916555213030843,0.0,14.61,12.9,115.0
1973-09-30,66.90392445097777,67.3,123.1261450577266,2279.07,0.10152211679807564,0.0,0.1281426447464815,0.0,7.76,2.1,111.9
1973-10-31,58.79215948275863,59.1,135.29343091555336,1610.51,0.06941853448275861,0.0,0.07611205034829852,0.0,7.2,-13.0,104.0
1973-11-30,47.3367325749368,47.2,224.36717532859763,1873.1,0.08455669916937522,0.0,0.11918962786266311,0.0,18.23,-28.1,95.9
1973-12-31,38.19146304148271,38.1,253.09122410963644,2097.89,0.0917030205009398,0.0,0.09935561506912391,0.0,18.03,-41.8,91.4
1974-01-31,36.039548781015895,37.5,424.9135990861891,2012.11,0.08713073225652795,0.0,0.13108004860208483,0.0,18.15,-54.4,96.8
1974-02-28,38.035492687604886,38.6,278.5605240391589,1229.46,0.05895276912011508,0.0,0.04645106590954182,0.0,8.11,-49.0,90.9
1974-03-31,47.26855645545498,47.4,271.69673388715387,1806.26,0.07823032612932565,0.0,0.07783249701687625,0.0,17.09,-43.1,100.0
1974-04-30,54.8133877697519,55.2,173.6407773281383,1637.24,0.0734550675220961,0.0,0.10705787981201204,0.0,18.07,-32.1,100.0
1974-05-31,62.733984375,62.9,153.62495291611398,2068.26,0.08976822916666667,0.0,0.0929283806738024,0.0,8.54,-9.0,111.9
1974-06-30,70.29333303056451,70.6,101.21190395535065,1861.56,0.0845433489259276,0.0,0.09988888561056686,0.0,12.44,5.0,120.9
1974-07-31,75.39362990719358,76.6,76.05792717614138,1626.41,0.07086445035074725,0.0,0.07773719604814976,0.0,10.12,6.3,118.0
1974-08-31,72.45020092468565,73.0,69.81424408286655,2439.87,0.10542583070474873,0.0,0.1250945457798985,0.0,11.02,19.9,115.0
1974-09-30,65.0747678226928,65.1,115.89666499567045,1973.17,0.08852662748440936,0.0,0.10931447480467334,0.0,10.12,3.0,111.9
1974-10-31,56.435987261146494,56.7,130.12674508565334,1334.91,0.058237064828549,0.0,0.0887565577326347,0.0,18.07,-20.9,104.0
1974-11-30,46.37076861094946,45.5,175.40769235844488,1469.43,0.06577868302072609,0.0,0.0657049212019363,0.0,10.47,-35.0,95.0
1974-12-31,38.2344253679047,37.0,197.60520089618507,1621.34,0.07101173791170287,0.0,0.06878220090465773,0.0,18.03,-45.9,105.8
1975-01-31,36.93637440758294,36.7,296.30189666272753,1682.38,0.07382745304546252,0.0,0.051951558763565775,0.0,6.02,-48.8,93.0
1975-02-28,37.303835959712785,36.9,304.5817751642247,1557.79,0.07507059900727675,0.0,0.05702490947337132,0.0,5.04,-45.0,95.0
1975-03-31,42.55648526471355,41.8,251.72937828291782,1994.96,0.08671477005998435,0.0,0.0736877940587323,0.0,7.2,-36.0,99.0
1975-04-30,50.44286938867584,49.8,210.1706679979653,1557.34,0.07026122264831942,0.0,0.06884730136802267,0.0,11.18,-25.1,106.0
1975-05-31,63.74871783476289,64.2,124.48739624486846,1804.97,0.08021732367450336,0.0,0.08255962832387694,0.0,10.55,1.4,105.1
1975-06-30,70.16728575339965,71.6,97.86853635543233,1939.26,0.08849411335219494,0.0,0.08433220945286478,0.0,7.17,22.1,111.9
1975-07-31,75.16304309353156,76.2,59.040480505110644,2168.97,0.0959636315370321,0.0,0.13049385700212918,0.0,10.51,30.2,117.0
1975-08-31,73.75140613910574,75.1,73.76573816374926,1961.97,0.08702847764371895,0.0,0.09452124551822533,0.0,12.68,1.2,116.1
1975-09-30,65.63431172772599,64.8,105.22994388218538,1934.14,0.08385605896379797,0.0,0.0966369598558688,0.0,13.35,-0.4,109.9
1975-10-31,58.262118134384835,58.4,134.4591667552612,1601.68,0.06379416099095869,0.0,0.0766132306310844,0.0,8.11,-23.8,104.0
1975-11-30,48.11520752537338,49.1,231.1064700460517,1399.85,0.05775435266936216,0.0,0.05571895322918654,0.0,7.99,-29.2,96.1
1975-12-31,38.53428833645904,38.4,228.43145195660404,1431.37,0.05711543833047364,0.0,0.052572417200196044,0.0,5.63,-49.0,99.0
1976-01-31,34.070489126105315,34.5,289.9755142558669,1314.31,0.05235043415916514,0.0,0.04358050591038725,0.0,5.71,-52.6,96.1
1976-02-29,43.088033536585364,43.6,250.4810772084455,1130.8,0.047882791327913274,0.0,0.035706201124979686,0.0,5.04,-47.2,91.9
1976-03-31,46.523492291716586,46.7,249.20806174198472,1597.09,0.06378664430066298,0.0,0.05055786588863881,0.0,5.16,-50.8,100.9
1976-04-30,55.1977587343441,54.5,144.576389027035,1350.56,0.05564271588661832,0.0,0.0467633708389507,0.0,8.15,-23.8,100.0
1976-05-31,61.71242029276118,61.7,96.17958383874934,2029.85,0.08140565470222579,0.0,0.09125724840790451,0.0,10.35,-2.2,106.9
1976-06-30,70.35121022797799,71.7,92.16972306772584,1762.73,0.07293350986801274,0.0,0.07420931041668219,0.0,8.07,0.1,116.1
1976-07-31,74.19050046526682,74.8,67.21679274596417,1798.68,0.0727709673504066,0.0,0.08017251644465835,0.0,11.1,0.1,115.0
1976-08-31,72.48969692110327,73.0,71.3572470075264,1588.85,0.0636966805644644,0.0,0.06512363505132322,0.0,12.01,-10.8,114.1
1976-09-30,66.56236523192645,67.0,90.5535603714263,1701.34,0.0710965315503552,0.0,0.0754096212550507,0.0,11.69,1.0,111.9
1976-10-31,53.92532726237906,53.9,152.93169334128208,1745.56,0.07096349296690788,0.0,0.07201813900950063,0.0,7.01,-17.9,104.0
1976-11-30,42.95666360294118,42.9,204.9378941782048,943.77,0.03942889371657754,0.0,0.028943634550955003,0.0,3.98,-31.0,99.0
1976-12-31,35.25551290427965,35.3,257.66528262988504,1131.24,0.046195687683763476,0.0,0.03181109936965004,0.0,5.24,-41.8,99.0
1977-01-31,27.95347704299111,28.0,307.8247980144205,1158.16,0.04701660374294646,0.0,0.03453528946935146,0.0,7.76,-49.0,89.6
1977-02-28,38.74417076461117,38.7,231.8581498247852,835.92,0.03637756212193742,0.0,0.0384341660836901,0.0,12.05,-34.6,107.6
1977-03-31,47.23282538685099,46.8,185.17668373361857,1767.78,0.06942816746524232,0.0,0.07460942123711886,0.0,7.24,-38.0,96.1
1977-04-30,56.67064269036988,57.8,156.87079918139597,1285.81,0.05266906975791586,0.0,0.05351904323343337,0.0,7.05,-14.8,100.0
1977-05-31,64.1961189456731,65.8,124.57319989597082,1451.56,0.05702007306438307,0.0,0.06454299743646515,0.0,11.02,2.1,109.0
1977-06-30,71.06146229084148,71.8,108.5151458831217,1481.4,0.05987389863390187,0.0,0.05729258342685173,0.0,7.87,2.1,116.1
1977-07-31,75.69911536020311,77.0,87.16442457541821,1451.34,0.05757457949857188,0.0,0.05965490973898276,0.0,11.65,3.0,114.1
1977-08-31,73.37380600885767,74.2,91.35660017735051,2060.21,0.08220125284283605,0.0,0.08173093355999718,0.0,5.91,2.1,115.0
1977-09-30,68.16014663951121,68.2,110.87344362182054,1908.38,0.07773441955193483,0.0,0.09664619285573701,0.0,19.33,4.1,111.9
1977-10-31,56.793157811761,55.5,112.78376935068155,1390.7,0.05481239161280151,0.0,0.05518276800221034,0.0,6.65,2.1,106.0
1977-11-30,47.96396102555634,48.8,226.3451862749458,1658.36,0.06846785846992279,0.0,0.08689034856431953,0.0,14.02,-32.1,99.9
1977-12-31,38.03691629606099,38.1,284.023007938672,1697.17,0.06739080368487929,0.0,0.057142288437046405,0.0,5.05,-48.1,95.0
1978-01-31,31.156975602090128,30.7,292.567658100809,2005.2,0.07878049738734137,0.0,0.0760756697563614,0.0,7.95,-37.1,95.0
1978-02-28,32.390381062851745,31.6,266.85565631207857,986.29,0.04237186922713408,0.0,0.027924108485133724,0.0,5.47,-35.9,93.0
1978-03-31,44.246710475454194,44.2,240.39785902282898,1422.83,0.05499922690374951,0.0,0.045239412036976435,0.0,5.28,-28.1,100.4
1978-04-30,54.08369439457411,53.0,146.76661210896455,1426.59,0.05691561938958707,0.0,0.05997064501017405,0.0,17.13,1.9,102.9
1978-05-31,62.375134590805224,62.4,145.70794160691278,2098.41,0.0812738680816453,0.0,0.10971045791613605,0.0,13.27,1.0,109.0
1978-06-30,70.89702316213494,71.4,106.96440259473474,1517.76,0.06113836858006042,0.0,0.0712964884669644,0.0,7.72,6.1,115.0
1978-07-31,74.72508698541773,75.4,90.23673593249956,1745.34,0.0682333163923531,0.0,0.09028303477862912,0.0,12.13,9.0,116.1
1978-08-31,73.64353864260495,74.3,84.6906202995188,1621.71,0.0636214201647705,0.0,0.07485083003274277,0.0,10.28,8.1,118.9
1978-09-30,67.99458596150737,68.9,121.15949476609069,1365.86,0.05522642730066311,0.0,0.07728485026918094,0.0,12.13,5.0,109.0
1978-10-31,57.2794395465995,56.8,126.75685280509941,778.99,0.030659241183879093,0.0,0.025437196745391803,0.0,6.73,-10.1,107.1
1978-11-30,46.50232738240809,47.5,240.75061904807887,1341.8,0.05469144860194016,0.0,0.044772845321237334,0.0,5.28,-26.1,97.0
1978-12-31,36.04527060623446,35.8,289.1254795635888,1362.83,0.05212583668005354,0.0,0.0481167857251115,0.0,5.39,-46.8,91.0
1979-01-31,28.965562060889926,29.9,346.19779481659566,2034.31,0.0794032006245121,0.0,0.07453808403675179,0.0,5.83,-44.9,89.6
1979-02-28,31.860147409494907,33.1,357.6808943591226,1500.65,0.065061781920659,0.0,0.059671294526567886,0.0,7.87,-43.1,91.0
1979-03-31,45.94167642695401,45.9,187.33777614548137,1478.77,0.057732880456000626,0.0,0.05318207349268223,0.0,10.91,-25.1,98.1
1979-04-30,53.29174179588893,53.4,165.94959560763408,1796.1,0.07196778458949393,0.0,0.0954312094125184,0.0,16.22,-7.8,100.4
1979-05-31,61.941313178657914,62.0,114.57183286008105,1932.07,0.0754655886258886,0.0,0.08945916566476274,0.0,10.59,10.9,106.0
1979-06-30,69.875635893081,70.1,88.41489285933287,1471.29,0.05949654252092684,0.0,0.06578166580210246,0.0,5.47,23.0,118.9
1979-07-31,74.53831370850234,75.0,65.30370882927713,1973.46,0.07771669357697003,0.0,0.11807236979732069,0.0,11.85,29.1,122.9
1979-08-31,72.7941750245821,73.2,71.30929937543752,1757.4,0.06912094395280237,0.0,0.06412010120741586,0.0,6.69,28.9,117.0
1979-09-30,68.43279751948106,68.5,82.08346487450491,1905.85,0.0777548855615846,0.0,0.1652790922624421,0.0,10.83,22.1,115.9
1979-10-31,57.82890804143275,58.3,143.1590425192788,1209.16,0.047804222345220214,0.0,0.04626569590436301,0.0,12.01,1.2,106.0
1979-11-30,45.77709258413911,45.8,182.63952585933106,1369.34,0.056826160932896205,0.0,0.06198466404333271,0.0,11.5,-24.9,96.1
1979-12-31,40.082108638847096,39.5,180.4340271961807,1054.38,0.04174439781455381,0.0,0.03989490999850706,0.0,8.11,-39.1,96.1
1980-01-31,35.66332364533981,35.5,277.1418615122683,1359.72,0.05413544611219493,0.0,0.043233912693595035,0.0,5.71,-48.1,90.0
1980-02-29,35.93191902970883,34.5,268.40827409165894,1043.86,0.044113595064024,0.0,0.03750224759768656,0.0,10.2,-29.0,99.0
1980-03-31,43.14852912142152,42.5,221.58034898553606,1973.91,0.0779431391905232,0.0,0.08647584734324824,0.0,11.1,-29.0,100.4
1980-04-30,54.49391265633222,54.2,133.15773352479266,1450.12,0.05869267818836767,0.0,0.06590439462096213,0.0,8.98,-1.8,110.8
1980-05-31,63.108887498044126,63.0,105.70515278959607,1590.11,0.06220114223126271,0.0,0.06878966638213962,0.0,7.05,16.2,106.0
1980-06-30,70.50929619719452,70.7,115.7612454239606,1344.4,0.05450417578853483,0.0,0.06109560048935276,0.0,11.02,21.2,118.9
1980-07-31,77.0429748499235,77.5,85.70915952471402,1218.89,0.04782398870012163,0.0,0.04782654470742037,0.0,9.72,29.1,119.8
1980-08-31,74.89964319695528,75.4,83.81488390710005,1408.61,0.055844037424674906,0.0,0.06426805020985761,0.0,9.41,22.1,120.2
1980-09-30,68.7872018236587,68.5,115.32313194599521,1469.05,0.059800130261336806,0.0,0.07151214812292216,0.0,15.39,11.8,111.9
1980-10-31,56.16855670103092,56.1,157.57133056545177,1187.62,0.04673093570472967,0.0,0.05248711313651841,0.0,7.09,-3.1,114.1
1980-11-30,46.56419877478639,45.3,170.98781136478254,1075.69,0.04335361921650814,0.0,0.06158080872778165,0.0,18.82,-16.1,98.1
1980-12-31,38.41186676747981,39.1,265.0737918389807,879.58,0.03500258665287118,0.0,0.04144860016045315,0.0,15.59,-42.2,98.1
1981-01-31,34.72177295162883,34.8,243.164149202118,573.11,0.022630207305034553,0.0,0.014601733608095555,0.0,5.0,-41.1,97.0
1981-02-28,40.75632708598516,41.8,266.4032835330749,1341.1,0.058864065311855326,0.0,0.06989068571724485,0.0,7.72,-43.1,93.9
1981-03-31,46.19294577932343,45.2,148.8216310643666,1165.07,0.04604291811571293,0.0,0.038900220424096854,0.0,7.72,-8.9,95.9
1981-04-30,57.827811464144226,57.7,140.27737420514475,1205.69,0.04873837820357345,0.0,0.04829685591558133,0.0,11.46,-8.1,107.6
1981-05-31,62.0104903883876,61.7,104.47883380556887,1858.1,0.072895253040408,0.0,0.10484702147301218,0.0,19.29,16.0,105.1
1981-06-30,72.48475102040815,73.0,97.07258512515716,1862.38,0.07601551020408163,0.0,0.0969451583373242,0.0,14.02,19.2,117.9
1981-07-31,75.67887627017333,76.1,73.67627768832517,1733.57,0.06908029487945806,0.0,0.08457340293320426,0.0,11.14,21.2,117.9
1981-08-31,73.90575108640333,73.5,62.16071823527498,1683.73,0.0659174724973574,0.0,0.09690998645493788,0.0,13.39,25.2,120.9
1981-09-30,67.37251452417969,67.6,96.45658668865316,1276.01,0.05220562965387448,0.0,0.06554847978828024,0.0,10.79,10.9,114.1
1981-10-31,55.92918886441017,55.0,140.05140442535375,1601.09,0.06413338674143801,0.0,0.06998668385764116,0.0,7.68,-1.1,98.1
1981-11-30,48.58923724268801,48.1,154.50293655101527,1014.33,0.041843570809785076,0.0,0.046218461667512444,0.0,15.39,-18.8,93.9
1981-12-31,38.343369846644094,37.0,219.9621709253895,1318.61,0.0525238000398327,0.0,0.04958290678893713,0.0,11.65,-32.1,98.6
1982-01-31,31.016842321943187,31.4,396.3917172302731,1567.03,0.06451337999176615,0.0,0.06336013414103098,0.0,5.75,-45.0,91.9
1982-02-28,37.544254170538515,37.8,334.241482936725,1303.74,0.05769016328156113,0.0,0.06526126323229041,0.0,9.07,-47.7,95.0
1982-03-31,46.00615494864241,45.0,227.32563237826832,1380.38,0.05495580858348595,0.0,0.05043172755295319,0.0,11.87,-30.1,96.8
1982-04-30,52.53160474503666,53.2,188.8478955257713,1488.94,0.061328775022654256,0.0,0.08025947743616436,0.0,19.02,-16.1,104.0
1982-05-31,63.761415146489774,64.2,106.14538735957062,1693.48,0.06686725104635552,0.0,0.07574551027435426,0.0,11.9,5.0,104.9
1982-06-30,68.50804688803603,68.0,102.18519117914616,1986.17,0.08285374603704322,0.0,0.10676343395075756,0.0,10.93,21.9,118.9
1982-07-31,75.08361535286835,76.2,73.93932870919419,1802.8,0.07440363186132892,0.0,0.11086962451939394,0.0,12.01,3.0,114.4
1982-08-31,73.40887009063444,73.9,80.50671393836785,1463.96,0.05897119838872105,0.0,0.07414609750269242,0.0,9.56,24.3,115.0
1982-09-30,66.95826521344233,67.0,111.24003634467168,1358.07,0.05606762447361902,0.0,0.0668899195421791,0.0,13.39,21.9,120.9
1982-10-31,57.52768734827078,57.0,137.76181039209553,1137.77,0.04528077366975763,0.0,0.03928409592222245,0.0,5.71,-19.1,99.0
1982-11-30,47.129040903842984,46.9,208.62025798900723,1590.77,0.06559335312551542,0.0,0.06644019469912739,0.0,10.08,-32.1,99.0
1982-12-31,41.787434018750496,41.1,247.96345367153833,1817.38,0.0715898526747026,0.0,0.09010371611369135,0.0,11.81,-30.1,96.8
1983-01-31,37.570586385788395,36.6,193.80479137095006,1208.22,0.04748545826127967,0.0,0.04351670477614864,0.0,8.94,-47.0,89.6
1983-02-28,40.79482869793234,40.4,187.87245756565767,1581.02,0.06796285947642179,0.0,0.07703003868586425,0.0,11.1,-30.1,100.4
1983-03-31,46.32983188405797,46.1,159.9531190681262,2124.54,0.08210782608695652,0.0,0.07081810462878639,0.0,5.59,-25.1,100.0
1983-04-30,51.25218271291372,51.1,146.18056097753035,1969.26,0.07815144059052306,0.0,0.09765447053628165,0.0,10.93,-9.0,99.0
1983-05-31,61.047350133638794,60.9,127.77645771504253,1891.82,0.0722344406261932,0.0,0.07608891674117188,0.0,9.02,7.2,119.8
1983-06-30,69.81632922007907,70.9,92.39687991141992,1676.68,0.06695738988059582,0.0,0.07300922058845848,0.0,11.1,19.2,111.9
1983-07-31,76.0450928485226,77.4,83.48899007060494,1281.43,0.04988632382138825,0.0,0.06070764883849425,0.0,10.04,20.1,117.9
1983-08-31,76.42167254681503,77.4,70.9048071125286,1405.2,0.05447989764664832,0.0,0.06353212809502662,0.0,10.93,10.2,116.1
1983-09-30,68.58340365682137,69.5,128.570119181414,1392.42,0.05595418927064497,0.0,0.0647996088963093,0.0,10.83,0.1,115.0
1983-10-31,58.6077545691906,58.3,130.14365316964742,1514.06,0.056473703841850055,0.0,0.0641143729330149,0.0,7.85,-8.1,104.0
1983-11-30,48.16268941562655,48.2,186.5359920186181,2106.35,0.08039810679796938,0.0,0.07458482890854654,0.0,5.04,-30.1,100.4
1983-12-31,32.86490888085566,33.7,426.7726318650213,1916.42,0.07142026609026199,0.0,0.07426703092051648,0.0,8.86,-50.1,109.4
1984-01-31,34.00236792136714,34.4,307.8708433018164,870.5,0.03240999292602107,0.0,0.02387478223091431,0.0,5.12,-43.8,109.4
1984-02-29,41.92797376209903,41.9,212.08856986323735,1254.47,0.05017478601711863,0.0,0.043643787695896254,0.0,4.46,-52.1,113.0
1984-03-31,44.138774068842466,43.0,250.0245494505339,1549.8,0.057609099695189944,0.0,0.05388483763772323,0.0,6.85,-26.9,106.0
1984-04-30,53.68048042221274,52.1,147.21684188343514,1592.59,0.06180255345570258,0.0,0.055506029625581516,0.0,5.04,-13.7,109.9
1984-05-31,62.95807314570507,62.8,139.15731672540082,1880.96,0.06892993257109352,0.0,0.08216107868329524,0.0,14.72,-7.8,129.2
1984-06-30,71.08031608119242,72.6,104.21782383177691,1525.15,0.05711744438618831,0.0,0.06281052506252247,0.0,10.0,6.3,123.8
1984-07-31,74.74810224918615,75.3,70.00376318469071,1874.0,0.06932524415507546,0.0,0.09959513493593886,0.0,12.13,20.1,120.9
1984-08-31,74.98746490320674,75.7,62.09968289214393,1496.93,0.055302571301906314,0.0,0.0807977914782221,0.0,12.05,1.2,120.9
1984-09-30,66.50717966204441,67.6,143.27461029265376,1257.51,0.04764378267788134,0.0,0.0675486745290317,0.0,12.01,6.1,129.2
1984-10-31,58.352790434877704,59.3,161.93370184063036,1827.76,0.06662632595778807,0.0,0.07491952706573994,0.0,10.0,-15.0,102.0
1984-11-30,46.68138597904916,45.9,168.49412510891972,1506.88,0.05782126549249837,0.0,0.0594881999790741,0.0,9.04,-17.1,93.2
1984-12-31,41.08029901589705,41.1,305.9556847586114,1269.6200000000001,0.0480552611657835,0.0,0.03147837841397081,0.0,5.08,-39.1,91.9
1985-01-31,31.89622174744181,31.4,285.48999097204296,865.18,0.03242925147119457,0.0,0.019902071377620185,0.0,4.5,-42.9,93.2
1985-02-28,36.987129558112116,37.3,330.94008151955796,1219.11,0.049559331680149595,0.0,0.04682190516120871,0.0,5.79,-44.9,111.2
1985-03-31,47.81034283025016,47.3,192.39699859001556,1323.4,0.04790935090323282,0.0,0.04085192835474106,0.0,5.2,-26.9,107.6
1985-04-30,57.499783638601855,58.5,168.3340154720985,1074.33,0.04007647256313649,0.0,0.04353104317060537,0.0,11.61,-12.1,107.1
1985-05-31,64.54771539783287,64.9,108.40027085349094,1481.8,0.051961987586351996,0.0,0.05063584397512079,0.0,9.8,6.3,109.9
1985-06-30,69.97572688663836,70.3,117.52577023991148,1611.81,0.05850702384841555,0.0,0.06655345919452865,0.0,10.71,6.3,120.0
1985-07-31,74.95084061173058,76.0,81.2323999527423,1736.87,0.05996029965132737,0.0,0.07456731527807074,0.0,10.56,11.1,125.1
1985-08-31,72.75382453526564,72.9,86.80395843555242,1912.21,0.06474824772288626,0.0,0.08022916338960569,0.0,9.04,-1.1,118.9
1985-09-30,66.15182937462941,66.5,139.00617654514716,1665.5,0.05809005615430226,0.0,0.07499089680763951,0.0,7.01,-2.2,108.0
1985-10-31,58.420799297913995,57.7,142.45735572903513,1856.28,0.06265712549787349,0.0,0.0845442305850065,0.0,9.45,-12.1,104.0
1985-11-30,46.28440924786069,47.9,341.43938383821563,1976.3,0.07417429815343042,0.0,0.07644805519496227,0.0,8.9,-32.1,93.2
1985-12-31,34.91402934578752,34.9,313.2411171596285,882.94,0.03246938550362226,0.0,0.024091610795948522,0.0,3.75,-38.7,92.1
1986-01-31,39.103068248388986,39.6,252.43270048261843,874.96,0.032035735207967195,0.0,0.026680231889071655,0.0,9.45,-38.0,91.4
1986-02-28,40.28238821380351,39.9,330.6814693289729,1398.11,0.05552021285044873,0.0,0.05312961102464832,0.0,9.04,-35.9,102.0
1986-03-31,49.447082325728104,50.2,205.38991692147738,1162.96,0.04075842007500088,0.0,0.04227896354232383,0.0,9.04,-27.8,102.2
1986-04-30,55.94595435684647,55.6,148.77707066840918,1078.05,0.03727697095435684,0.0,0.02727064772165895,0.0,9.04,-15.9,100.9
1986-05-31,63.66560345992701,64.7,128.67244684312263,1543.63,0.052156710366265714,0.0,0.058721366351658144,0.0,12.01,2.1,108.0
1986-06-30,71.41271324267275,72.6,103.58545536558266,1841.62,0.06372608048721409,0.0,0.08084862535999494,0.0,12.72,1.2,117.0
1986-07-31,74.78760024260394,76.1,102.43814795596916,1635.8,0.055118269425163416,0.0,0.05953259207043576,0.0,9.79,-11.7,117.0
1986-08-31,72.73575788231327,73.1,87.66068126868667,1792.3,0.06043837464171303,0.0,0.06589908616475483,0.0,8.51,-1.1,120.0
1986-09-30,66.60047317514439,66.8,126.65060135572197,1816.02,0.06318349453761046,0.0,0.07289836506209955,0.0,11.02,0.0,114.1
1986-10-31,57.73536108634525,57.0,134.4254674273084,1601.98,0.05493381798230574,0.0,0.071467519024337,0.0,10.35,-1.1,102.9
1986-11-30,46.9367394862307,45.9,238.54156281111796,1594.24,0.056722408026755856,0.0,0.056577693229938414,0.0,6.94,-36.0,102.0
1986-12-31,39.82013990394654,37.8,191.2328157532307,1296.82,0.045131899491891135,0.0,0.048743864201473315,0.0,12.02,-21.1,93.2
1987-01-31,36.41441918839771,35.8,230.01136688016007,1376.02,0.04797169153535072,0.0,0.04414912641681607,0.0,5.35,-35.1,96.8
1987-02-28,40.961488280361074,39.5,193.13477319172654,1250.04,0.04741105969809603,0.0,0.04204473654219584,0.0,4.33,-30.8,98.6
1987-03-31,46.6609803520262,47.1,175.31087891607277,1540.4,0.0525446854959749,0.0,0.053598429693399355,0.0,14.03,-20.7,104.0
1987-04-30,56.29287463184415,56.0,142.50671501866958,908.5,0.03223803271707888,0.0,0.02884987747610151,0.0,5.16,-8.9,106.0
1987-05-31,65.16398954823627,66.3,117.00748092325294,1620.94,0.0557292168053359,0.0,0.05307426107311542,0.0,5.2,11.1,108.0
1987-06-30,72.10166235038847,73.6,88.87890914633977,1789.78,0.06263666270035696,0.0,0.06460114632107758,0.0,4.61,14.2,115.3
1987-07-31,75.09511016490943,76.8,84.75715394683668,1537.38,0.05195255474452555,0.0,0.05167763784214352,0.0,10.0,15.3,117.0
1987-08-31,73.8521663895769,74.4,97.63260871932657,1643.83,0.0557740983272826,0.0,0.0785799933478099,0.0,17.09,16.2,114.1
1987-09-30,68.11215427112836,67.9,87.25853958931964,1486.57,0.05197978950312948,0.0,0.05864467810050817,0.0,10.75,13.1,115.0
1987-10-31,56.32310046935583,55.7,128.46033162685745,759.66,0.02583701788993946,0.0,0.020967982415214713,0.0,4.65,6.3,109.0
1987-11-30,48.91610270840661,48.6,176.5777997178974,1491.11,0.05244846992613436,0.0,0.06350577445595841,0.0,8.82,-16.2,116.6
1987-12-31,40.25839906313506,39.2,213.8028835212324,1502.65,0.051756621775221306,0.0,0.04832425641669435,0.0,6.54,-50.8,96.8
1988-01-31,33.560256629597944,34.2,311.0746450888059,1125.08,0.03849717707442258,0.0,0.028571516425441756,0.0,4.41,-41.8,122.0
1988-02-29,38.10982365907421,38.6,299.14734976132877,1028.91,0.037799779573842764,0.0,0.03718004073620171,0.0,10.51,-38.7,100.4
1988-03-31,46.711683510818695,46.2,207.76226844261572,1174.38,0.039828393135725434,0.0,0.033670535243997594,0.0,5.55,-16.8,102.0
1988-04-30,54.937110432428675,54.2,134.67018456303035,1297.34,0.0450246407996113,0.0,0.03748351551400499,0.0,7.58,-15.9,102.9
1988-05-31,63.870277103223444,64.6,119.73049210218718,1229.55,0.0409018329396893,0.0,0.033272197315668856,0.0,4.33,1.2,111.9
1988-06-30,72.11664321745994,73.8,113.59212381741641,1033.1,0.03545176898527847,0.0,0.03912050711946838,0.0,8.25,5.2,118.0
1988-07-31,76.14131940923993,77.3,78.08346298804491,1693.14,0.05722194058602859,0.0,0.06051520357970042,0.0,4.8,10.2,118.0
1988-08-31,75.33346418386176,76.9,84.25426663612207,1622.65,0.054442207683274624,0.0,0.06207042181260019,0.0,7.24,10.2,116.6
1988-09-30,67.48654100299089,67.3,105.55482597878937,1683.2,0.05853794254712388,0.0,0.08036703422615657,0.0,12.12,5.2,118.0
1988-10-31,56.667028250878616,56.3,141.28132741253603,956.53,0.032323938902406056,0.0,0.027946858258311297,0.0,5.84,1.2,109.0
1988-11-30,48.94069832402235,48.1,186.94250784013136,1733.23,0.060517807262569834,0.0,0.06653535461846748,0.0,7.48,-20.7,102.0
1988-12-31,38.95752401642961,38.9,253.30816891173066,891.61,0.03026613259105876,0.0,0.02025520108359319,0.0,4.06,-29.7,91.9
1989-01-31,39.75039213034954,39.5,255.67487070928357,1087.96,0.036777770265702114,0.0,0.024938523277162006,0.0,4.92,-41.8,113.0
1989-02-28,35.19701442593694,34.6,395.2364636645616,1093.24,0.04064693634741225,0.0,0.03640531486549745,0.0,5.98,-50.8,97.0
1989-03-31,46.384364214657914,46.7,293.61420176305967,1572.81,0.053218176896528385,0.0,0.043532900862699994,0.0,5.47,-39.8,114.8
1989-04-30,55.78345973915509,55.1,183.5068796973311,1129.86,0.040043237879217465,0.0,0.03128443548643566,0.0,5.08,-4.2,111.9
1989-05-31,63.318907092703775,63.0,133.49505567118672,1851.61,0.06280689257487873,0.0,0.07082707020486524,0.0,7.76,6.3,129.2
1989-06-30,70.38491829441766,71.0,97.69884372987842,2369.85,0.08222079589216945,0.0,0.1027511188278027,0.0,13.58,4.1,129.2
1989-07-31,75.29329875940614,76.0,75.9760775961738,1699.77,0.057615415904006505,0.0,0.06120504879525589,0.0,5.98,20.1,122.0
1989-08-31,73.06501934106976,73.3,79.43125171870471,1646.36,0.05490062691743364,0.0,0.06275816866869637,0.0,10.39,2.1,117.0
1989-09-30,67.0086688805867,66.8,113.97308429025722,1773.25,0.06134115123841151,0.0,0.07721777782428065,0.0,5.83,11.1,114.1
1989-10-31,58.046298335168316,58.1,144.65343726812546,1227.09,0.040939845861275144,0.0,0.05310460511617803,0.0,8.63,-2.2,108.0
1989-11-30,47.89670841527792,47.8,217.59476109249815,1115.21,0.03847807335334506,0.0,0.04423543467723452,0.0,10.0,-16.8,96.1
1989-12-31,32.760027169298695,33.0,342.4980652077917,826.43,0.028066904398030224,0.0,0.023937493825510803,0.0,5.63,-47.2,93.0
1990-01-31,41.92162665425284,40.9,191.05778585522017,1536.09,0.05107701004189665,0.0,0.049521425053860396,0.0,5.63,-25.2,90.5
1990-02-28,42.015418728238956,41.9,267.40824671386105,1547.46,0.05671467839472238,0.0,0.057353045879317895,0.0,7.44,-33.9,97.0
1990-03-31,48.61317251705207,48.4,205.19747704134167,1540.82,0.05126667775744468,0.0,0.07026434010706684,0.0,10.63,-24.9,100.0
1990-04-30,55.93213351686167,56.0,164.58208726115524,1367.04,0.04704198210598761,0.0,0.03800172506906037,0.0,4.27,0.1,105.1
1990-05-31,62.033456016446166,61.2,128.5024545022663,2230.25,0.0739497330813356,0.0,0.0840355961202781,0.0,8.75,12.0,106.0
1990-06-30,72.11878804648589,72.9,119.8369808838567,1395.88,0.0482802988378528,0.0,0.045215008005887514,0.0,7.05,20.1,123.1
1990-07-31,74.87962247674066,75.5,80.00904027128456,1756.24,0.05898767339535821,0.0,0.07092576543316302,0.0,10.63,31.1,118.0
1990-08-31,74.2901224680482,74.3,73.41094961791845,1650.25,0.05506890913338005,0.0,0.0604689458954361,0.0,5.81,28.9,118.0
1990-09-30,69.5246126711855,69.8,104.43549414359272,1179.67,0.040796444874809795,0.0,0.041293638522377205,0.0,10.28,16.0,118.9
1990-10-31,58.84641319224222,58.2,152.26206726857868,1771.89,0.05914777848249157,0.0,0.08382103561171844,0.0,12.17,1.9,105.1
1990-11-30,50.17271653406525,50.3,182.47664735925878,1137.72,0.03952749887086127,0.0,0.039200930233640886,0.0,5.63,-15.9,99.0
1990-12-31,38.6874919121403,39.8,366.8752586765858,1514.57,0.05157738804699472,0.0,0.05090188446348126,0.0,7.28,-50.3,95.0
1991-01-31,35.95435219283562,35.9,305.8012028931298,1623.15,0.05434047539337128,0.0,0.06328612130855524,0.0,8.11,-36.0,102.6
1991-02-28,43.81069198751301,43.7,215.30399576003285,901.12,0.03348892522669838,0.0,0.03500956850260949,0.0,6.1,-21.8,100.4
1991-03-31,47.85494560838033,46.7,192.21107046005878,1948.25,0.06541263765780285,0.0,0.07312333642289812,0.0,10.16,-20.0,104.0
1991-04-30,56.462155614010804,56.1,152.42094427151684,1895.13,0.06559358992108542,0.0,0.08002121490889325,0.0,10.42,1.0,105.8
1991-05-31,65.01416473434823,66.5,142.95896557213487,2089.98,0.07023490271196693,0.0,0.07546152903716996,0.0,8.44,10.0,111.2
1991-06-30,71.12693291294447,72.4,99.0044287407675,1664.93,0.05832650201436329,0.0,0.06294183565727358,0.0,6.5,18.1,109.9
1991-07-31,75.23849484536083,76.3,80.94000337036417,1758.6,0.060432989690721646,0.0,0.06524643954534151,0.0,5.34,18.1,120.0
1991-08-31,74.43594858156028,75.1,65.98867423911295,1702.28,0.05804282596835788,0.0,0.06765181089816871,0.0,5.59,18.1,120.0
1991-09-30,67.40707718321767,67.6,120.84898359028985,1471.66,0.05184274491844859,0.0,0.05202189480776875,0.0,6.97,16.2,114.1
1991-10-31,58.52019772071948,59.3,181.35633571319596,1229.88,0.0422174927914321,0.0,0.052630474407527016,0.0,7.17,-23.3,111.0
1991-11-30,45.21885060717312,45.0,223.0211287385089,1178.85,0.041614303868963566,0.0,0.0346535629570402,0.0,5.39,-28.1,100.9
1991-12-31,40.915367036011084,40.2,234.9837272796629,1503.69,0.052066828254847645,0.0,0.05511762633822032,0.0,6.85,-29.0,104.0
1992-01-31,38.36897195627079,38.4,219.20673932946787,1323.0,0.04491749847219393,0.0,0.0404006162197835,0.0,4.92,-29.0,107.6
1992-02-29,43.219027628274134,42.6,208.73224656962003,1433.57,0.05143774668101901,0.0,0.06484194228319932,0.0,17.95,-29.0,102.2
1992-03-31,47.506524860587035,47.7,189.85967825559933,1523.22,0.050863859485090326,0.0,0.04393824056485394,0.0,10.43,-20.9,107.6
1992-04-30,55.20203090809628,55.6,164.86533864546976,1207.19,0.041274275164113784,0.0,0.03290965937582077,0.0,5.6,-0.8,107.1
1992-05-31,63.37947553374884,64.1,104.70324116642811,1287.95,0.04269824956902268,0.0,0.03755630041665574,0.0,7.28,0.1,129.2
1992-06-30,69.58797688247478,69.7,94.69371071660028,1970.16,0.06581679695329726,0.0,0.07610087793787808,0.0,6.85,0.9,129.2
1992-07-31,72.71249682095625,73.2,100.33370966458993,2318.83,0.07371662004069175,0.0,0.10319289111273368,0.0,13.82,0.9,117.9
1992-08-31,71.3695720977339,71.7,89.84896808402534,2158.16,0.06830484871502722,0.0,0.12005678137987605,0.0,13.9,0.0,131.0
1992-09-30,66.87670913157639,67.1,117.81066116153521,1880.82,0.0609685889331907,0.0,0.12290505895236926,0.0,19.02,0.0,111.9
1992-10-31,57.31368494497479,57.6,143.5905114159924,1275.85,0.040463353525102275,0.0,0.03811516430082455,0.0,7.76,0.9,106.9
1992-11-30,45.78415343021291,44.8,208.7885802001886,2211.06,0.07472321730314295,0.0,0.06921565051707436,0.0,7.92,-25.1,97.0
1992-12-31,38.03556677374942,37.8,261.57846156533094,1707.98,0.055988330164557794,0.0,0.045423007764154935,0.0,5.43,-42.2,90.9
1993-01-31,35.98442171269319,36.0,309.68999863944777,2088.12,0.0661299721307322,0.0,0.0560652694408351,0.0,7.46,-46.1,90.9
1993-02-28,35.33002390662354,35.1,317.78469850521174,1462.29,0.05140943608493882,0.0,0.03668636907876644,0.0,5.56,-38.0,95.0
1993-03-31,44.682911472505225,44.6,228.73608987458925,2035.25,0.06439441878124406,0.0,0.053387190608304685,0.0,5.08,-23.1,97.9
1993-04-30,53.07845349027301,52.8,139.1188556385742,2037.42,0.06661500735654732,0.0,0.04826015078837372,0.0,6.81,0.0,104.0
1993-05-31,63.157138794982785,63.7,100.26192778797119,2055.38,0.06493886449085337,0.0,0.049491651080656784,0.0,7.65,-1.1,108.0
1993-06-30,69.47388625899747,70.7,119.77373262841776,2587.45,0.08389371636080668,0.0,0.07765390563218567,0.0,7.01,0.0,119.8
1993-07-31,73.98420103673652,75.0,104.86131294509457,2356.12,0.07585949322257639,0.0,0.07356997008269733,0.0,6.42,0.0,115.9
1993-08-31,73.54324623560673,74.1,95.4532361542275,2209.54,0.06989560926230545,0.0,0.06342848551170663,0.0,5.63,-2.0,122.0
1993-09-30,65.77380718633418,65.3,138.08270953535913,2218.02,0.0725839387394463,0.0,0.07215314239608378,0.0,9.94,0.0,118.9
1993-10-31,56.11472890416189,55.5,165.3317800614209,1807.27,0.057505091001654574,0.0,0.05398311242515806,0.0,8.23,-18.0,127.4
1993-11-30,44.68937038988409,43.9,220.53080280442097,1371.48,0.04516201264488936,0.0,0.04593415230012111,0.0,11.81,-28.1,122.0
1993-12-31,38.44070675641351,38.4,237.18350150397495,1285.62,0.04081851663703327,0.0,0.03045734556726752,0.0,5.04,-42.2,91.8
1994-01-31,32.885213056761536,34.6,409.6289998380268,1500.24,0.048246985045827306,0.0,0.03757142674325762,0.0,5.98,-43.1,97.0
1994-02-28,36.31875375959803,37.2,376.10447277096455,1304.58,0.046161848483776226,0.0,0.03716630487278993,0.0,5.04,-45.0,92.5
1994-03-31,47.28732910545269,46.5,203.0653343760724,1758.92,0.05605404888619778,0.0,0.06259828581595682,0.0,11.1,-26.1,97.9
1994-04-30,55.75542593507991,55.6,172.8319730134395,1877.69,0.06187806887460867,0.0,0.05298045309961891,0.0,10.0,-1.1,104.9
1994-05-31,62.56582540999298,62.5,120.12306198259976,1692.11,0.05398857762746474,0.0,0.044083127146893636,0.0,4.15,0.0,108.0
1994-06-30,72.20142672713429,73.6,111.10900253270873,2070.93,0.0685534112350624,0.0,0.06780797749175631,0.0,7.34,0.0,122.9
1994-07-31,74.46880570409982,75.4,78.96001054936903,2277.4,0.07380975530708152,0.0,0.07753632149036285,0.0,8.39,0.0,119.8
1994-08-31,73.1229117637577,73.7,77.52686461440092,2014.95,0.06495857377736226,0.0,0.06826480178500603,0.0,8.59,1.9,118.9
1994-09-30,67.47687574434299,67.2,86.46143435158272,1684.74,0.05573441842000794,0.0,0.06032004485761293,0.0,7.01,0.0,113.9
1994-10-31,57.65863711946789,56.8,121.89341968961793,1801.44,0.057605525709900234,0.0,0.08425111770538675,0.0,12.2,-4.0,102.9
1994-11-30,48.16985179536487,47.9,198.7538055781689,1656.97,0.05493750207221246,0.0,0.050493372254356766,0.0,6.02,-27.0,99.9
1994-12-31,40.78956265607991,40.5,210.66644566406939,1328.76,0.04254210155599667,0.0,0.03757522995346103,0.0,5.91,-29.0,91.9
1995-01-31,37.341521586633505,37.0,267.5416055160828,1577.58,0.05030227664052037,0.0,0.15030612335121407,0.0,18.28,-39.1,92.3
1995-02-28,39.4598860179714,40.1,308.78565200099393,876.38,0.03064158595853292,0.0,0.0846031932481697,0.0,15.0,-31.0,95.0
1995-03-31,47.23903973933044,47.8,244.08277543796348,1489.12,0.047569639662662914,0.0,0.14832545437132305,0.0,12.09,-32.1,99.0
1995-04-30,53.11877870667151,52.5,175.9343651464223,1308.61,0.043241251693487096,0.0,0.131306363281388,0.0,14.02,-6.2,104.0
1995-05-31,61.86947401377583,60.4,124.23560027437848,2043.36,0.06397495303694427,0.0,0.2197955584070392,0.0,17.87,1.9,113.0
1995-06-30,70.08995491143318,71.2,100.04630026528744,1644.41,0.05296006441223833,0.0,0.0945700035582429,0.0,12.91,1.9,118.4
1995-07-31,75.26012437337394,76.3,89.03224114961627,1426.83,0.04527032172092137,0.0,0.07714237544369418,0.0,12.13,-0.0,126.0
1995-08-31,75.54666772252138,76.6,82.74795826425877,1482.08,0.046945834653151726,0.0,0.08379686773028146,0.0,12.11,2.8,118.9
1995-09-30,66.59929441329982,66.9,132.99936058728827,1166.03,0.03756782009150074,0.0,0.04495650658049105,0.0,10.08,0.9,115.0
1995-10-31,58.235192427063936,58.1,144.65402977457316,1462.57,0.04539323401613904,0.0,0.07197435419240254,0.0,12.01,-0.0,106.0
1995-11-30,45.08224386771083,44.6,225.61023485357117,1138.87,0.03685424891592777,0.0,0.03838890332148213,0.0,7.48,-18.0,96.8
1995-12-31,36.973341750323335,35.0,281.95045151212116,1023.56,0.03151936934162715,0.0,0.03657151585368442,0.0,8.9,-38.9,91.4
1996-01-31,33.63844486421206,34.5,377.4356230862478,1317.61,0.0408017217353606,0.0,0.03515723223783807,0.0,5.04,-49.0,92.8
1996-02-29,38.25948213463183,39.8,407.7098480653035,931.33,0.03064190300717247,0.0,0.02924427257830181,0.0,5.04,-51.2,102.9
1996-03-31,41.92702038056008,42.4,267.51716904658866,1145.2,0.035203344502167166,0.0,0.0324360753112853,0.0,7.01,-35.1,99.0
1996-04-30,53.27593719145142,53.3,179.78606098064228,1234.86,0.03933050928432653,0.0,0.04037242729345002,0.0,10.0,-5.1,108.0
1996-05-31,62.74410659272951,61.7,168.60785799288777,1315.81,0.04053635243376463,0.0,0.039632864909705384,0.0,11.1,0.9,114.8
1996-06-30,71.08953229398664,71.5,102.4793600814369,1363.64,0.04401536425551145,0.0,0.058003566452117954,0.0,10.0,0.9,120.2
1996-07-31,74.51209588111314,74.4,85.91143770844126,1782.45,0.06367484728324939,0.0,0.08013947086524577,0.0,8.2,21.2,125.6
1996-08-31,73.58726910478505,73.7,64.78111307755326,1511.78,0.05105122750143518,0.0,0.05439701388923021,0.0,7.75,28.4,125.6
1996-09-30,66.35102005592185,66.6,106.7846496947461,1985.89,0.06855224550381443,0.0,0.08639556342089398,0.0,9.45,8.6,122.0
1996-10-31,57.11606152210743,57.3,146.90108844110205,1482.13,0.04923529216357174,0.0,0.07366612837770355,0.0,8.11,-5.1,111.2
1996-11-30,43.944001099769736,42.7,253.46614707836088,1413.21,0.0485689246314053,0.0,0.04905712159821434,0.0,6.66,-27.4,100.4
1996-12-31,39.22566031427616,39.6,308.4794261161782,1745.39,0.058354730859244405,0.0,0.05470095744777765,0.0,5.78,-34.6,96.3
1997-01-31,34.78657223796034,35.3,390.144952671468,1482.0,0.04939176803866022,0.0,0.042022696965961184,0.0,5.19,-41.8,93.2
1997-02-28,40.27757297010437,39.5,251.91778493864206,1307.45,0.04625685476738015,0.0,0.04452369711415216,0.0,4.45,-32.8,93.2
1997-03-31,47.586017446471054,47.7,252.8650411270884,1471.72,0.0466842188739096,0.0,0.043395873030037155,0.0,6.87,-27.4,102.2
1997-04-30,51.885255698517405,52.0,169.36610146461206,1607.08,0.052481222650382076,0.0,0.05835129736791828,0.0,7.52,-7.6,102.2
1997-05-31,61.678332754867,61.0,123.77673201763143,1538.18,0.048533745622061655,0.0,0.0407738345058391,0.0,7.24,15.8,116.6
1997-06-30,70.47379579872984,70.7,80.56737089954488,1880.89,0.061256798567008636,0.0,0.06268337676339539,0.0,8.63,28.4,113.0
1997-07-31,74.71527773371824,75.6,79.04557459055484,1687.55,0.053533927608412905,0.0,0.062459682775979124,0.0,8.34,28.0,118.4
1997-08-31,73.05988278156187,72.8,74.3599603841817,1616.63,0.051215903690796774,0.0,0.05704338276569377,0.0,13.52,32.0,129.2
1997-09-30,68.45921967213114,68.1,96.32740540437953,1486.73,0.048745245901639346,0.0,0.057956742206651216,0.0,8.1,14.0,120.2
1997-10-31,56.99695556336453,56.3,174.5073420185666,1533.21,0.04897965051273041,0.0,0.05461943038902845,0.0,6.24,-10.5,116.6
1997-11-30,44.71219648983901,44.0,192.6599168934633,1531.8700000000001,0.05053675112166799,0.0,0.042500464090899484,0.0,5.91,-18.4,118.4
1997-12-31,38.21835598128759,36.4,174.09902273152386,1633.88,0.05199630843649557,0.0,0.05081762050702627,0.0,7.89,-29.9,102.2
1998-01-31,38.86569998716797,38.4,257.1045351906027,1798.45,0.057694405235467726,0.0,0.06247823287364162,0.0,8.33,-34.6,89.6
1998-02-28,42.324348219569075,41.3,148.85955925997084,2328.65,0.08105572766194438,0.0,0.09298708158521338,0.0,5.9,-16.6,95.0
1998-03-31,44.94909710072482,44.2,255.09794275959183,1967.93,0.06148244188952762,0.0,0.06512510257544778,0.0,11.48,-31.0,102.4
1998-04-30,54.45380441720925,53.4,115.49841743045144,1757.97,0.05610781309842972,0.0,0.04827583057697986,0.0,4.76,10.4,104.0
1998-05-31,65.48579081086044,64.6,109.1501960357053,1721.54,0.052696440050200494,0.0,0.04101033949418319,0.0,6.59,19.0,109.4
1998-06-30,70.6207168026412,70.3,134.6698317528411,2209.37,0.07013650360306022,0.0,0.07293995596934898,0.0,7.34,22.3,116.8
1998-07-31,76.01664048784994,76.0,75.38964208280164,1932.24,0.05951030213434353,0.0,0.0645573861588005,0.0,5.73,30.2,123.1
1998-08-31,75.04366085093358,75.0,65.29341890361582,1708.56,0.052297520661157025,0.0,0.061742537209561396,0.0,10.4,28.4,120.4
1998-09-30,70.39549648162627,71.2,90.78297340005405,1996.35,0.06243471462079749,0.0,0.12355336703154993,0.0,11.0,23.0,111.9
1998-10-31,58.20052914852443,56.8,121.45110522027963,1979.19,0.059844883889695215,0.0,0.09604664220175824,0.0,16.32,10.0,102.2
1998-11-30,48.61379983009785,47.6,151.74429448727156,1825.3,0.057430072680363715,0.0,0.0642751396493772,0.0,7.86,-9.0,95.0
1998-12-31,40.078335317278636,40.0,298.5525316649828,1455.49,0.04442480847297256,0.0,0.03780641705377165,0.0,5.09,-45.0,93.2
1999-01-31,37.06024517351653,37.4,333.043799862896,2256.21,0.06680711832287102,0.0,0.0665052977871181,0.0,6.49,-36.4,91.9
1999-02-28,42.222465726337994,41.2,203.0238208191137,1346.53,0.04437549433166359,0.0,0.03179293298677048,0.0,5.08,-22.0,93.9
1999-03-31,45.177517140773155,44.7,170.37360257654848,1698.0,0.04954048140043764,0.0,0.03792116655721728,0.0,4.73,-23.8,99.0
1999-04-30,54.752635016184904,53.1,150.4819621339255,2097.34,0.05955306945312057,0.0,0.047218251563540384,0.0,6.91,-2.9,104.0
1999-05-31,62.92026997426209,63.0,102.22277057413616,2340.36,0.06408082799408577,0.0,0.05659777096453468,0.0,5.9,12.9,109.9
1999-06-30,70.31285273555801,71.6,94.21335787072653,2689.13,0.07611247912598001,0.0,0.0809022063121413,0.0,10.35,19.4,114.8
1999-07-31,75.9653457461416,77.4,73.94045917109622,2121.82,0.05826934695446807,0.0,0.05181922759028556,0.0,5.6,28.9,123.8
1999-08-31,73.94370311120917,73.4,79.54097151897092,1978.8700000000001,0.054580483230361874,0.0,0.05904330490001219,0.0,10.48,25.0,117.7
1999-09-30,66.91703327361898,66.7,104.74655567404812,2554.55,0.07502129159202374,0.0,0.12595613097103128,0.0,12.17,6.8,111.2
1999-10-31,57.34342865192281,56.5,135.6853852688623,1715.44,0.04832906043104663,0.0,0.0627657518615589,0.0,7.87,5.9,107.8
1999-11-30,50.59111955869323,50.7,140.62564371025178,1398.49,0.039971703775688115,0.0,0.0348005165490978,0.0,3.77,-8.0,100.4
1999-12-31,39.48526090936832,39.1,210.33117347614558,1590.26,0.04411629261797098,0.0,0.03563508917775482,0.0,4.41,-25.6,89.6
2000-01-31,35.92183525136281,35.1,303.87412550486647,1751.31,0.048216232586311324,0.0,0.03621087331596795,0.0,4.09,-45.4,93.2
2000-02-29,42.22571831897186,41.9,234.18828537527267,1773.46,0.05215598623650854,0.0,0.0389746733912419,0.0,5.99,-49.0,93.2
2000-03-31,49.03152928267727,48.1,167.32245405833325,2124.66,0.05828171718557125,0.0,0.04820545802283719,0.0,7.45,-40.0,99.0
2000-04-30,54.584017553793885,54.4,137.57246490300028,2078.75,0.05885475651189128,0.0,0.050750314983462295,0.0,5.75,-38.2,105.6
2000-05-31,65.2034694436832,64.8,124.77541562576252,2382.95,0.06530419292956974,0.0,0.061525711130984415,0.0,7.61,-4.0,114.3
2000-06-30,70.62338398729871,71.4,94.07833440751001,3034.42,0.08602914493082332,0.0,0.08855591965181021,0.0,9.6,21.9,127.4
2000-07-31,74.22196693444465,74.0,78.28534163446344,2289.47,0.06277163929482082,0.0,0.06246720538998917,0.0,5.73,28.4,129.2
2000-08-31,74.47201214010336,74.3,81.5342352517394,1879.42,0.051388182539031525,0.0,0.047306655965561,0.0,7.16,26.6,119.5
2000-09-30,67.19686660445123,67.3,134.14932785124017,2468.62,0.06981193970758745,0.0,0.09452599121603715,0.0,9.23,10.4,127.9
2000-10-31,57.564185665529,57.6,130.4912121105687,1763.95,0.04816245733788396,0.0,0.05322246432336315,0.0,12.48,-14.8,104.5
2000-11-30,42.65554861958403,42.6,216.26504972667271,1973.34,0.05599239565303748,0.0,0.05623801617280646,0.0,6.74,-32.8,93.2
2000-12-31,31.28959860577056,30.9,313.10855840090073,1200.03,0.033196768928601066,0.0,0.030056838037584337,0.0,13.9,-49.0,91.8
